"Profile","Id","Path","Slice Name","Alias(s)","Label","Min","Max","Must Support?","Is Modifier?","Is Summary?","Type(s)","Short","Definition","Comments","Requirements","Default Value","Meaning When Missing","Fixed Value","Pattern","Example","Minimum Value","Maximum Value","Maximum Length","Binding Strength","Binding Description","Binding Value Set","Code","Slicing Discriminator","Slicing Description","Slicing Ordered","Slicing Rules","Base Path","Base Min","Base Max","Condition(s)","Constraint(s)"
"ocular-body-structure","BodyStructure","BodyStructure","","anatomical location
","",0,*,"","","","null {[]} {[]}
","Specific and identified anatomical structure","Record details about an anatomical structure.  This resource may be used when a coded concept does not provide the necessary detail needed for the use case.","","","","","","","","","",,,,,"",,,,"BodyStructure",0,*,"","dom-2:If the resource is contained in another resource, it SHALL NOT contain nested Resources {contained.contained.empty()}
dom-3:If the resource is contained in another resource, it SHALL be referred to from elsewhere in the resource or SHALL refer to the containing resource {contained.where((('#'+id in (%resource.descendants().reference | %resource.descendants().as(canonical) | %resource.descendants().as(uri) | %resource.descendants().as(url))) or descendants().where(reference = '#').exists() or descendants().where(as(canonical) = '#').exists() or descendants().where(as(canonical) = '#').exists()).not()).trace('unmatched', id).empty()}dom-4:If a resource is contained in another resource, it SHALL NOT have a meta.versionId or a meta.lastUpdated {contained.meta.versionId.empty() and contained.meta.lastUpdated.empty()}dom-5:If a resource is contained in another resource, it SHALL NOT have a security label {contained.meta.security.empty()}dom-6:A resource should have narrative for robust management {text.`div`.exists()}"
"ocular-body-structure","BodyStructure.id","BodyStructure.id","","","",0,1,"","","Y","id {[]} {[]}
","Logical id of this artifact","The logical id of the resource, as used in the URL for the resource. Once assigned, this value never changes.","The only time that a resource does not have an id is when it is being submitted to the server using a create operation.","","","","","","","","",,,,,"",,,,"Resource.id",0,1,"",""
"ocular-body-structure","BodyStructure.meta","BodyStructure.meta","","","",0,1,"","","Y","Meta {[]} {[]}
","Metadata about the resource","The metadata about the resource. This is content that is maintained by the infrastructure. Changes to the content might not always be associated with version changes to the resource.","","","","","","","","","",,,,,"",,,,"Resource.meta",0,1,"","ele-1:All FHIR elements must have a @value or children {hasValue() or (children().count() > id.count())}
"
"ocular-body-structure","BodyStructure.implicitRules","BodyStructure.implicitRules","","","",0,1,"","Y","Y","uri {[]} {[]}
","A set of rules under which this content was created","A reference to a set of rules that were followed when the resource was constructed, and which must be understood when processing the content. Often, this is a reference to an implementation guide that defines the special rules along with other profiles etc.","Asserting this rule set restricts the content to be only understood by a limited set of trading partners. This inherently limits the usefulness of the data in the long term. However, the existing health eco-system is highly fractured, and not yet ready to define, collect, and exchange data in a generally computable sense. Wherever possible, implementers and/or specification writers should avoid using this element. Often, when used, the URL is a reference to an implementation guide that defines these special rules as part of it's narrative along with other profiles, value sets, etc.","","","","","","","","",,,,,"",,,,"Resource.implicitRules",0,1,"","ele-1:All FHIR elements must have a @value or children {hasValue() or (children().count() > id.count())}
"
"ocular-body-structure","BodyStructure.language","BodyStructure.language","","","",0,1,"","","","code {[]} {[]}
","Language of the resource content","The base language in which the resource is written.","Language is provided to support indexing and accessibility (typically, services such as text to speech use the language tag). The html language tag in the narrative applies  to the narrative. The language tag on the resource may be used to specify the language of other presentations generated from the data in the resource. Not all the content has to be in the base language. The Resource.language should not be assumed to apply to the narrative automatically. If a language is specified, it should it also be specified on the div element in the html (see rules in HTML5 for information about the relationship between xml:lang and the html lang attribute).","","","","","","","","",,"preferred","A human language.","http://hl7.org/fhir/ValueSet/languages|4.0.1","",,,,"Resource.language",0,1,"","ele-1:All FHIR elements must have a @value or children {hasValue() or (children().count() > id.count())}
"
"ocular-body-structure","BodyStructure.text","BodyStructure.text","","narrative
htmlxhtmldisplay","",0,1,"","","","Narrative {[]} {[]}
","Text summary of the resource, for human interpretation","A human-readable narrative that contains a summary of the resource and can be used to represent the content of the resource to a human. The narrative need not encode all the structured data, but is required to contain sufficient detail to make it ""clinically safe"" for a human to just read the narrative. Resource definitions may define what content should be represented in the narrative to ensure clinical safety.","Contained resources do not have narrative. Resources that are not contained SHOULD have a narrative. In some cases, a resource may only have text with little or no additional discrete data (as long as all minOccurs=1 elements are satisfied).  This may be necessary for data from legacy systems where information is captured as a ""text blob"" or where text is additionally entered raw or narrated and encoded information is added later.","","","","","","","","",,,,,"",,,,"DomainResource.text",0,1,"","ele-1:All FHIR elements must have a @value or children {hasValue() or (children().count() > id.count())}
"
"ocular-body-structure","BodyStructure.contained","BodyStructure.contained","","inline resources
anonymous resourcescontained resources","",0,*,"","","","Resource {[]} {[]}
","Contained, inline Resources","These resources do not have an independent existence apart from the resource that contains them - they cannot be identified independently, and nor can they have their own independent transaction scope.","This should never be done when the content can be identified properly, as once identification is lost, it is extremely difficult (and context dependent) to restore it again. Contained resources may have profiles and tags In their meta elements, but SHALL NOT have security labels.","","","","","","","","",,,,,"",,,,"DomainResource.contained",0,*,"",""
"ocular-body-structure","BodyStructure.extension","BodyStructure.extension","","extensions
user content","",0,*,"","","","Extension {[]} {[]}
","Additional content defined by implementations","May be used to represent additional information that is not part of the basic definition of the resource. To make the use of extensions safe and manageable, there is a strict set of governance  applied to the definition and use of extensions. Though any implementer can define an extension, there is a set of requirements that SHALL be met as part of the definition of the extension.","There can be no stigma associated with the use of extensions by any application, project, or standard - regardless of the institution or jurisdiction that uses or defines the extensions.  The use of extensions is what allows the FHIR specification to retain a core level of simplicity for everyone.","","","","","","","","",,,,,"",,,,"DomainResource.extension",0,*,"","ele-1:All FHIR elements must have a @value or children {hasValue() or (children().count() > id.count())}
ext-1:Must have either extensions or value[x], not both {extension.exists() != value.exists()}"
"ocular-body-structure","BodyStructure.modifierExtension","BodyStructure.modifierExtension","","extensions
user content","",0,*,"","Y","","Extension {[]} {[]}
","Extensions that cannot be ignored","May be used to represent additional information that is not part of the basic definition of the resource and that modifies the understanding of the element that contains it and/or the understanding of the containing element's descendants. Usually modifier elements provide negation or qualification. To make the use of extensions safe and manageable, there is a strict set of governance applied to the definition and use of extensions. Though any implementer is allowed to define an extension, there is a set of requirements that SHALL be met as part of the definition of the extension. Applications processing a resource are required to check for modifier extensions.

Modifier extensions SHALL NOT change the meaning of any elements on Resource or DomainResource (including cannot change the meaning of modifierExtension itself).","There can be no stigma associated with the use of extensions by any application, project, or standard - regardless of the institution or jurisdiction that uses or defines the extensions.  The use of extensions is what allows the FHIR specification to retain a core level of simplicity for everyone.","Modifier extensions allow for extensions that *cannot* be safely ignored to be clearly distinguished from the vast majority of extensions which can be safely ignored.  This promotes interoperability by eliminating the need for implementers to prohibit the presence of extensions. For further information, see the [definition of modifier extensions](http://hl7.org/fhir/R4/extensibility.html#modifierExtension).","","","","","","","",,,,,"",,,,"DomainResource.modifierExtension",0,*,"","ele-1:All FHIR elements must have a @value or children {hasValue() or (children().count() > id.count())}
ext-1:Must have either extensions or value[x], not both {extension.exists() != value.exists()}"
"ocular-body-structure","BodyStructure.identifier","BodyStructure.identifier","","","",0,*,"","","Y","Identifier {[]} {[]}
","Bodystructure identifier","Identifier for this instance of the anatomical structure.","","","","","","","","","",,,,,"",,,,"BodyStructure.identifier",0,*,"","ele-1:All FHIR elements must have a @value or children {hasValue() or (children().count() > id.count())}
"
"ocular-body-structure","BodyStructure.active","BodyStructure.active","","","",0,1,"","Y","Y","boolean {[]} {[]}
","Whether this record is in active use","Whether this body site is in active use.","This element is labeled as a modifier because it may be used to mark that the resource was created in error.","Need to be able to mark a body site entry as not to be used because it was created in error.","","This resource is generally assumed to be active if no value is provided for the active element","","","","","",,,,,"",,,,"BodyStructure.active",0,1,"","ele-1:All FHIR elements must have a @value or children {hasValue() or (children().count() > id.count())}
"
"ocular-body-structure","BodyStructure.morphology","BodyStructure.morphology","","","",0,1,"","","Y","CodeableConcept {[]} {[]}
","Kind of Structure","The kind of structure being represented by the body structure at `BodyStructure.location`.  This can define both normal and abnormal morphologies.","The minimum cardinality of 0 supports the use case of specifying a location without defining a morphology.","","","","","","","","",,"example","Codes describing anatomic morphology.","http://hl7.org/fhir/ValueSet/bodystructure-code|4.0.1","",,,,"BodyStructure.morphology",0,1,"","ele-1:All FHIR elements must have a @value or children {hasValue() or (children().count() > id.count())}
"
"ocular-body-structure","BodyStructure.location","BodyStructure.location","","","",1,1,"Y","","Y","CodeableConcept {[]} {[]}
","The anatomical eye structure (e.g. entire eye, cornea, retina), coded using SNOMED CT","The anatomical location or region of the specimen, lesion, or body structure.","","","","","","","","","",,"example","Codes describing anatomical locations. May include laterality.","http://hl7.org/fhir/ValueSet/body-site|4.0.1","",,,,"BodyStructure.location",0,1,"","ele-1:All FHIR elements must have a @value or children {hasValue() or (children().count() > id.count())}
"
"ocular-body-structure","BodyStructure.locationQualifier","BodyStructure.locationQualifier","","","",0,*,"Y","","","CodeableConcept {[]} {[]}
","Qualifiers for the location, including laterality (right, left, both), coded using SNOMED CT","Qualifier to refine the anatomical location.  These include qualifiers for laterality, relative location, directionality, number, and plane.","","","","","","","","","",,"example","Concepts modifying the anatomic location.","http://hl7.org/fhir/ValueSet/bodystructure-relative-location|4.0.1","",,,,"BodyStructure.locationQualifier",0,*,"","ele-1:All FHIR elements must have a @value or children {hasValue() or (children().count() > id.count())}
"
"ocular-body-structure","BodyStructure.description","BodyStructure.description","","","",0,1,"","","Y","string {[]} {[]}
","Text description","A summary, characterization or explanation of the body structure.","This description could include any visual markings used to orientate the viewer e.g. external reference points, special sutures, ink markings.","","","","","","","","",,,,,"",,,,"BodyStructure.description",0,1,"","ele-1:All FHIR elements must have a @value or children {hasValue() or (children().count() > id.count())}
"
"ocular-body-structure","BodyStructure.image","BodyStructure.image","","","",0,*,"","","","Attachment {[]} {[]}
","Attached images","Image or images used to identify a location.","","","","","","","","","",,,,,"",,,,"BodyStructure.image",0,*,"","ele-1:All FHIR elements must have a @value or children {hasValue() or (children().count() > id.count())}
"
"ocular-body-structure","BodyStructure.patient","BodyStructure.patient","","","",1,1,"Y","","Y","Reference {[]} {[CanonicalType[http://hl7.org/fhir/StructureDefinition/Patient|4.0.1]]}
","Who this is about","The person to which the body site belongs.","","","","","","","","","",,,,,"",,,,"BodyStructure.patient",1,1,"","ele-1:All FHIR elements must have a @value or children {hasValue() or (children().count() > id.count())}
"
"ophthalmic-condition","Condition","Condition","","","",0,*,"","","","null {[]} {[]}
","Detailed information about conditions, problems or diagnoses","A clinical condition, problem, diagnosis, or other event, situation, issue, or clinical concept that has risen to a level of concern.","","","","","","","","","",,,,,"",,,,"Condition",0,*,"","con-3:Condition.clinicalStatus SHALL be present if verificationStatus is not entered-in-error and category is problem-list-item {clinicalStatus.exists() or verificationStatus.coding.where(system='http://terminology.hl7.org/CodeSystem/condition-ver-status' and code = 'entered-in-error').exists() or category.select($this='problem-list-item').empty()}
con-4:If condition is abated, then clinicalStatus must be either inactive, resolved, or remission {abatement.empty() or clinicalStatus.coding.where(system='http://terminology.hl7.org/CodeSystem/condition-clinical' and (code='resolved' or code='remission' or code='inactive')).exists()}con-5:Condition.clinicalStatus SHALL NOT be present if verification Status is entered-in-error {verificationStatus.coding.where(system='http://terminology.hl7.org/CodeSystem/condition-ver-status' and code='entered-in-error').empty() or clinicalStatus.empty()}dom-2:If the resource is contained in another resource, it SHALL NOT contain nested Resources {contained.contained.empty()}dom-3:If the resource is contained in another resource, it SHALL be referred to from elsewhere in the resource or SHALL refer to the containing resource {contained.where((('#'+id in (%resource.descendants().reference | %resource.descendants().as(canonical) | %resource.descendants().as(uri) | %resource.descendants().as(url))) or descendants().where(reference = '#').exists() or descendants().where(as(canonical) = '#').exists() or descendants().where(as(canonical) = '#').exists()).not()).trace('unmatched', id).empty()}dom-4:If a resource is contained in another resource, it SHALL NOT have a meta.versionId or a meta.lastUpdated {contained.meta.versionId.empty() and contained.meta.lastUpdated.empty()}dom-5:If a resource is contained in another resource, it SHALL NOT have a security label {contained.meta.security.empty()}dom-6:A resource should have narrative for robust management {text.`div`.exists()}"
"ophthalmic-condition","Condition.id","Condition.id","","","",0,1,"","","Y","id {[]} {[]}
","Logical id of this artifact","The logical id of the resource, as used in the URL for the resource. Once assigned, this value never changes.","The only time that a resource does not have an id is when it is being submitted to the server using a create operation.","","","","","","","","",,,,,"",,,,"Resource.id",0,1,"",""
"ophthalmic-condition","Condition.meta","Condition.meta","","","",0,1,"","","Y","Meta {[]} {[]}
","Metadata about the resource","The metadata about the resource. This is content that is maintained by the infrastructure. Changes to the content might not always be associated with version changes to the resource.","","","","","","","","","",,,,,"",,,,"Resource.meta",0,1,"","ele-1:All FHIR elements must have a @value or children {hasValue() or (children().count() > id.count())}
"
"ophthalmic-condition","Condition.implicitRules","Condition.implicitRules","","","",0,1,"","Y","Y","uri {[]} {[]}
","A set of rules under which this content was created","A reference to a set of rules that were followed when the resource was constructed, and which must be understood when processing the content. Often, this is a reference to an implementation guide that defines the special rules along with other profiles etc.","Asserting this rule set restricts the content to be only understood by a limited set of trading partners. This inherently limits the usefulness of the data in the long term. However, the existing health eco-system is highly fractured, and not yet ready to define, collect, and exchange data in a generally computable sense. Wherever possible, implementers and/or specification writers should avoid using this element. Often, when used, the URL is a reference to an implementation guide that defines these special rules as part of it's narrative along with other profiles, value sets, etc.","","","","","","","","",,,,,"",,,,"Resource.implicitRules",0,1,"","ele-1:All FHIR elements must have a @value or children {hasValue() or (children().count() > id.count())}
"
"ophthalmic-condition","Condition.language","Condition.language","","","",0,1,"","","","code {[]} {[]}
","Language of the resource content","The base language in which the resource is written.","Language is provided to support indexing and accessibility (typically, services such as text to speech use the language tag). The html language tag in the narrative applies  to the narrative. The language tag on the resource may be used to specify the language of other presentations generated from the data in the resource. Not all the content has to be in the base language. The Resource.language should not be assumed to apply to the narrative automatically. If a language is specified, it should it also be specified on the div element in the html (see rules in HTML5 for information about the relationship between xml:lang and the html lang attribute).","","","","","","","","",,"preferred","A human language.","http://hl7.org/fhir/ValueSet/languages|4.0.1","",,,,"Resource.language",0,1,"","ele-1:All FHIR elements must have a @value or children {hasValue() or (children().count() > id.count())}
"
"ophthalmic-condition","Condition.text","Condition.text","","narrative
htmlxhtmldisplay","",0,1,"","","","Narrative {[]} {[]}
","Text summary of the resource, for human interpretation","A human-readable narrative that contains a summary of the resource and can be used to represent the content of the resource to a human. The narrative need not encode all the structured data, but is required to contain sufficient detail to make it ""clinically safe"" for a human to just read the narrative. Resource definitions may define what content should be represented in the narrative to ensure clinical safety.","Contained resources do not have narrative. Resources that are not contained SHOULD have a narrative. In some cases, a resource may only have text with little or no additional discrete data (as long as all minOccurs=1 elements are satisfied).  This may be necessary for data from legacy systems where information is captured as a ""text blob"" or where text is additionally entered raw or narrated and encoded information is added later.","","","","","","","","",,,,,"",,,,"DomainResource.text",0,1,"","ele-1:All FHIR elements must have a @value or children {hasValue() or (children().count() > id.count())}
"
"ophthalmic-condition","Condition.contained","Condition.contained","","inline resources
anonymous resourcescontained resources","",0,*,"","","","Resource {[]} {[]}
","Contained, inline Resources","These resources do not have an independent existence apart from the resource that contains them - they cannot be identified independently, and nor can they have their own independent transaction scope.","This should never be done when the content can be identified properly, as once identification is lost, it is extremely difficult (and context dependent) to restore it again. Contained resources may have profiles and tags In their meta elements, but SHALL NOT have security labels.","","","","","","","","",,,,,"",,,,"DomainResource.contained",0,*,"",""
"ophthalmic-condition","Condition.extension","Condition.extension","","","",0,*,"","","","Extension {[]} {[]}
","Extension","An Extension","","","","","","","","","",,,,,"","value:url}
","",,"open","DomainResource.extension",0,*,"","ele-1:All FHIR elements must have a @value or children {hasValue() or (children().count() > id.count())}
ext-1:Must have either extensions or value[x], not both {extension.exists() != value.exists()}"
"ophthalmic-condition","Condition.extension:bodySiteEye","Condition.extension","bodySiteEye","","",0,*,"Y","","","Extension {[CanonicalType[http://hl7.org/fhir/StructureDefinition/bodySite]]} {[]}
","Laterality of the diagnosis, via BodyStructure","Record details about the anatomical location of a specimen or body part. This resource may be used when a coded concept does not provide the necessary detail needed for the use case.","","","","","","","","","",,,,,"",,,,"DomainResource.extension",0,*,"ele-1
","ele-1:All FHIR elements must have a @value or children {hasValue() or (children().count() > id.count())}
ext-1:Must have either extensions or value[x], not both {extension.exists() != value.exists()}"
"ophthalmic-condition","Condition.extension:bodySiteEye.id","Condition.extension.id","","","",0,1,"","","","string {[]} {[]}
","Unique id for inter-element referencing","Unique id for the element within a resource (for internal references). This may be any string value that does not contain spaces.","","","","","","","","","",,,,,"",,,,"Element.id",0,1,"",""
"ophthalmic-condition","Condition.extension:bodySiteEye.extension","Condition.extension.extension","","","",0,0,"","","","Extension {[]} {[]}
","Extension","An Extension","","","","","","","","","",,,,,"","value:url}
","Extensions are always sliced by (at least) url",,"open","Element.extension",0,*,"","ele-1:All FHIR elements must have a @value or children {hasValue() or (children().count() > id.count())}
ext-1:Must have either extensions or value[x], not both {extension.exists() != value.exists()}"
"ophthalmic-condition","Condition.extension:bodySiteEye.url","Condition.extension.url","","","",1,1,"","","","uri {[]} {[]}
","identifies the meaning of the extension","Source of the definition for the extension code - a logical name or a URL.","The definition may point directly to a computable or human-readable definition of the extensibility codes, or it may be a logical URI as declared in some other specification. The definition SHALL be a URI for the Structure Definition defining the extension.","","","","<valueUri xmlns=""http://hl7.org/fhir"" value=""http://hl7.org/fhir/StructureDefinition/bodySite""/>","","","","",,,,,"",,,,"Extension.url",1,1,"",""
"ophthalmic-condition","Condition.extension:bodySiteEye.value[x]","Condition.extension.value[x]","","","",1,1,"","","","Reference {[]} {[CanonicalType[https://YasniiSS.github.io/fhir4eyes/StructureDefinition/ocular-body-structure]]}
","Value of extension","Value of extension - must be one of a constrained set of the data types (see [Extensibility](http://hl7.org/fhir/R4/extensibility.html) for a list).","","","","","","","","","",,,,,"",,,,"Extension.value[x]",0,1,"","ele-1:All FHIR elements must have a @value or children {hasValue() or (children().count() > id.count())}
"
"ophthalmic-condition","Condition.modifierExtension","Condition.modifierExtension","","extensions
user content","",0,*,"","Y","","Extension {[]} {[]}
","Extensions that cannot be ignored","May be used to represent additional information that is not part of the basic definition of the resource and that modifies the understanding of the element that contains it and/or the understanding of the containing element's descendants. Usually modifier elements provide negation or qualification. To make the use of extensions safe and manageable, there is a strict set of governance applied to the definition and use of extensions. Though any implementer is allowed to define an extension, there is a set of requirements that SHALL be met as part of the definition of the extension. Applications processing a resource are required to check for modifier extensions.

Modifier extensions SHALL NOT change the meaning of any elements on Resource or DomainResource (including cannot change the meaning of modifierExtension itself).","There can be no stigma associated with the use of extensions by any application, project, or standard - regardless of the institution or jurisdiction that uses or defines the extensions.  The use of extensions is what allows the FHIR specification to retain a core level of simplicity for everyone.","Modifier extensions allow for extensions that *cannot* be safely ignored to be clearly distinguished from the vast majority of extensions which can be safely ignored.  This promotes interoperability by eliminating the need for implementers to prohibit the presence of extensions. For further information, see the [definition of modifier extensions](http://hl7.org/fhir/R4/extensibility.html#modifierExtension).","","","","","","","",,,,,"",,,,"DomainResource.modifierExtension",0,*,"","ele-1:All FHIR elements must have a @value or children {hasValue() or (children().count() > id.count())}
ext-1:Must have either extensions or value[x], not both {extension.exists() != value.exists()}"
"ophthalmic-condition","Condition.identifier","Condition.identifier","","","",0,*,"","","Y","Identifier {[]} {[]}
","External Ids for this condition","Business identifiers assigned to this condition by the performer or other systems which remain constant as the resource is updated and propagates from server to server.","This is a business identifier, not a resource identifier (see [discussion](http://hl7.org/fhir/R4/resource.html#identifiers)).  It is best practice for the identifier to only appear on a single resource instance, however business practices may occasionally dictate that multiple resource instances with the same identifier can exist - possibly even with different resource types.  For example, multiple Patient and a Person resource instance might share the same social insurance number.","Allows identification of the condition as it is known by various participating systems and in a way that remains consistent across servers.","","","","","","","",,,,,"",,,,"Condition.identifier",0,*,"","ele-1:All FHIR elements must have a @value or children {hasValue() or (children().count() > id.count())}
"
"ophthalmic-condition","Condition.clinicalStatus","Condition.clinicalStatus","","","",0,1,"","Y","Y","CodeableConcept {[]} {[]}
","active | recurrence | relapse | inactive | remission | resolved","The clinical status of the condition.","The data type is CodeableConcept because clinicalStatus has some clinical judgment involved, such that there might need to be more specificity than the required FHIR value set allows. For example, a SNOMED coding might allow for additional specificity.","","","","","","","","",,"required","The clinical status of the condition or diagnosis.","http://hl7.org/fhir/ValueSet/condition-clinical|4.0.1","",,,,"Condition.clinicalStatus",0,1,"con-3
con-4con-5","ele-1:All FHIR elements must have a @value or children {hasValue() or (children().count() > id.count())}
"
"ophthalmic-condition","Condition.verificationStatus","Condition.verificationStatus","","","",0,1,"","Y","Y","CodeableConcept {[]} {[]}
","unconfirmed | provisional | differential | confirmed | refuted | entered-in-error","The verification status to support the clinical status of the condition.","verificationStatus is not required.  For example, when a patient has abdominal pain in the ED, there is not likely going to be a verification status.
The data type is CodeableConcept because verificationStatus has some clinical judgment involved, such that there might need to be more specificity than the required FHIR value set allows. For example, a SNOMED coding might allow for additional specificity.","","","","","","","","",,"required","The verification status to support or decline the clinical status of the condition or diagnosis.","http://hl7.org/fhir/ValueSet/condition-ver-status|4.0.1","",,,,"Condition.verificationStatus",0,1,"con-3
con-5","ele-1:All FHIR elements must have a @value or children {hasValue() or (children().count() > id.count())}
"
"ophthalmic-condition","Condition.category","Condition.category","","","",0,*,"","","","CodeableConcept {[]} {[]}
","problem-list-item | encounter-diagnosis","A category assigned to the condition.","The categorization is often highly contextual and may appear poorly differentiated or not very useful in other contexts.","","","","","","","","",,"extensible","A category assigned to the condition.","http://hl7.org/fhir/ValueSet/condition-category|4.0.1","",,,,"Condition.category",0,*,"","ele-1:All FHIR elements must have a @value or children {hasValue() or (children().count() > id.count())}
"
"ophthalmic-condition","Condition.severity","Condition.severity","","","",0,1,"","","","CodeableConcept {[]} {[]}
","Subjective severity of condition","A subjective assessment of the severity of the condition as evaluated by the clinician.","Coding of the severity with a terminology is preferred, where possible.","","","","","","","","",,"preferred","A subjective assessment of the severity of the condition as evaluated by the clinician.","http://hl7.org/fhir/ValueSet/condition-severity|4.0.1","",,,,"Condition.severity",0,1,"","ele-1:All FHIR elements must have a @value or children {hasValue() or (children().count() > id.count())}
"
"ophthalmic-condition","Condition.code","Condition.code","","type
","",1,1,"Y","","Y","CodeableConcept {[]} {[]}
","Identification of the ophthalmic diagnosis","Identification of the condition, problem or diagnosis.","","0..1 to account for primarily narrative only resources.","","","","","","","",,"example","Identification of the condition or diagnosis.","http://hl7.org/fhir/ValueSet/condition-code|4.0.1","",,,,"Condition.code",0,1,"","ele-1:All FHIR elements must have a @value or children {hasValue() or (children().count() > id.count())}
"
"ophthalmic-condition","Condition.bodySite","Condition.bodySite","","","",0,*,"Y","","Y","CodeableConcept {[]} {[]}
","Anatomical location, if relevant","The anatomical location where this condition manifests itself.","Only used if not implicit in code found in Condition.code. If the use case requires attributes from the BodySite resource (e.g. to identify and track separately) then use the standard extension [bodySite](http://hl7.org/fhir/R4/extension-bodysite.html).  May be a summary code, or a reference to a very precise definition of the location, or both.","","","","","","","","",,"example","Codes describing anatomical locations. May include laterality.","http://hl7.org/fhir/ValueSet/body-site|4.0.1","",,,,"Condition.bodySite",0,*,"","ele-1:All FHIR elements must have a @value or children {hasValue() or (children().count() > id.count())}
"
"ophthalmic-condition","Condition.subject","Condition.subject","","patient
","",1,1,"Y","","Y","Reference {[]} {[CanonicalType[http://hl7.org/fhir/StructureDefinition/Patient]]}
","Who has the condition?","Indicates the patient or group who the condition record is associated with.","","Group is typically used for veterinary or public health use cases.","","","","","","","",,,,,"",,,,"Condition.subject",1,1,"","ele-1:All FHIR elements must have a @value or children {hasValue() or (children().count() > id.count())}
"
"ophthalmic-condition","Condition.encounter","Condition.encounter","","","",0,1,"","","Y","Reference {[]} {[CanonicalType[http://hl7.org/fhir/StructureDefinition/Encounter|4.0.1]]}
","Encounter created as part of","The Encounter during which this Condition was created or to which the creation of this record is tightly associated.","This will typically be the encounter the event occurred within, but some activities may be initiated prior to or after the official completion of an encounter but still be tied to the context of the encounter. This record indicates the encounter this particular record is associated with.  In the case of a ""new"" diagnosis reflecting ongoing/revised information about the condition, this might be distinct from the first encounter in which the underlying condition was first ""known"".","","","","","","","","",,,,,"",,,,"Condition.encounter",0,1,"","ele-1:All FHIR elements must have a @value or children {hasValue() or (children().count() > id.count())}
"
"ophthalmic-condition","Condition.onset[x]","Condition.onset[x]","","","",0,1,"","","Y","dateTime {[]} {[]}
Age {[]} {[]}Period {[]} {[]}Range {[]} {[]}string {[]} {[]}","Estimated or actual date,  date-time, or age","Estimated or actual date or date-time  the condition began, in the opinion of the clinician.","Age is generally used when the patient reports an age at which the Condition began to occur.","","","","","","","","",,,,,"",,,,"Condition.onset[x]",0,1,"","ele-1:All FHIR elements must have a @value or children {hasValue() or (children().count() > id.count())}
"
"ophthalmic-condition","Condition.abatement[x]","Condition.abatement[x]","","","",0,1,"","","","dateTime {[]} {[]}
Age {[]} {[]}Period {[]} {[]}Range {[]} {[]}string {[]} {[]}","When in resolution/remission","The date or estimated date that the condition resolved or went into remission. This is called ""abatement"" because of the many overloaded connotations associated with ""remission"" or ""resolution"" - Conditions are never really resolved, but they can abate.","There is no explicit distinction between resolution and remission because in many cases the distinction is not clear. Age is generally used when the patient reports an age at which the Condition abated.  If there is no abatement element, it is unknown whether the condition has resolved or entered remission; applications and users should generally assume that the condition is still valid.  When abatementString exists, it implies the condition is abated.","","","","","","","","",,,,,"",,,,"Condition.abatement[x]",0,1,"con-4
","ele-1:All FHIR elements must have a @value or children {hasValue() or (children().count() > id.count())}
"
"ophthalmic-condition","Condition.recordedDate","Condition.recordedDate","","","",0,1,"","","Y","dateTime {[]} {[]}
","Date record was first recorded","The recordedDate represents when this particular Condition record was created in the system, which is often a system-generated date.","","","","","","","","","",,,,,"",,,,"Condition.recordedDate",0,1,"","ele-1:All FHIR elements must have a @value or children {hasValue() or (children().count() > id.count())}
"
"ophthalmic-condition","Condition.recorder","Condition.recorder","","","",0,1,"","","Y","Reference {[]} {[CanonicalType[http://hl7.org/fhir/StructureDefinition/Practitioner|4.0.1], CanonicalType[http://hl7.org/fhir/StructureDefinition/PractitionerRole|4.0.1], CanonicalType[http://hl7.org/fhir/StructureDefinition/Patient|4.0.1], CanonicalType[http://hl7.org/fhir/StructureDefinition/RelatedPerson|4.0.1]]}
","Who recorded the condition","Individual who recorded the record and takes responsibility for its content.","","","","","","","","","",,,,,"",,,,"Condition.recorder",0,1,"","ele-1:All FHIR elements must have a @value or children {hasValue() or (children().count() > id.count())}
"
"ophthalmic-condition","Condition.asserter","Condition.asserter","","","",0,1,"","","Y","Reference {[]} {[CanonicalType[http://hl7.org/fhir/StructureDefinition/Practitioner|4.0.1], CanonicalType[http://hl7.org/fhir/StructureDefinition/PractitionerRole|4.0.1], CanonicalType[http://hl7.org/fhir/StructureDefinition/Patient|4.0.1], CanonicalType[http://hl7.org/fhir/StructureDefinition/RelatedPerson|4.0.1]]}
","Person who asserts this condition","Individual who is making the condition statement.","","","","","","","","","",,,,,"",,,,"Condition.asserter",0,1,"","ele-1:All FHIR elements must have a @value or children {hasValue() or (children().count() > id.count())}
"
"ophthalmic-condition","Condition.stage","Condition.stage","","","",0,*,"","","","BackboneElement {[]} {[]}
","Stage/grade, usually assessed formally","Clinical stage or grade of a condition. May include formal severity assessments.","","","","","","","","","",,,,,"",,,,"Condition.stage",0,*,"","con-1:Stage SHALL have summary or assessment {summary.exists() or assessment.exists()}
ele-1:All FHIR elements must have a @value or children {hasValue() or (children().count() > id.count())}"
"ophthalmic-condition","Condition.stage.id","Condition.stage.id","","","",0,1,"","","","string {[]} {[]}
","Unique id for inter-element referencing","Unique id for the element within a resource (for internal references). This may be any string value that does not contain spaces.","","","","","","","","","",,,,,"",,,,"Element.id",0,1,"",""
"ophthalmic-condition","Condition.stage.extension","Condition.stage.extension","","extensions
user content","",0,*,"","","","Extension {[]} {[]}
","Additional content defined by implementations","May be used to represent additional information that is not part of the basic definition of the element. To make the use of extensions safe and manageable, there is a strict set of governance  applied to the definition and use of extensions. Though any implementer can define an extension, there is a set of requirements that SHALL be met as part of the definition of the extension.","There can be no stigma associated with the use of extensions by any application, project, or standard - regardless of the institution or jurisdiction that uses or defines the extensions.  The use of extensions is what allows the FHIR specification to retain a core level of simplicity for everyone.","","","","","","","","",,,,,"",,,,"Element.extension",0,*,"","ele-1:All FHIR elements must have a @value or children {hasValue() or (children().count() > id.count())}
ext-1:Must have either extensions or value[x], not both {extension.exists() != value.exists()}"
"ophthalmic-condition","Condition.stage.modifierExtension","Condition.stage.modifierExtension","","extensions
user contentmodifiers","",0,*,"","Y","Y","Extension {[]} {[]}
","Extensions that cannot be ignored even if unrecognized","May be used to represent additional information that is not part of the basic definition of the element and that modifies the understanding of the element in which it is contained and/or the understanding of the containing element's descendants. Usually modifier elements provide negation or qualification. To make the use of extensions safe and manageable, there is a strict set of governance applied to the definition and use of extensions. Though any implementer can define an extension, there is a set of requirements that SHALL be met as part of the definition of the extension. Applications processing a resource are required to check for modifier extensions.

Modifier extensions SHALL NOT change the meaning of any elements on Resource or DomainResource (including cannot change the meaning of modifierExtension itself).","There can be no stigma associated with the use of extensions by any application, project, or standard - regardless of the institution or jurisdiction that uses or defines the extensions.  The use of extensions is what allows the FHIR specification to retain a core level of simplicity for everyone.","Modifier extensions allow for extensions that *cannot* be safely ignored to be clearly distinguished from the vast majority of extensions which can be safely ignored.  This promotes interoperability by eliminating the need for implementers to prohibit the presence of extensions. For further information, see the [definition of modifier extensions](http://hl7.org/fhir/R4/extensibility.html#modifierExtension).","","","","","","","",,,,,"",,,,"BackboneElement.modifierExtension",0,*,"","ele-1:All FHIR elements must have a @value or children {hasValue() or (children().count() > id.count())}
ext-1:Must have either extensions or value[x], not both {extension.exists() != value.exists()}"
"ophthalmic-condition","Condition.stage.summary","Condition.stage.summary","","","",0,1,"","","","CodeableConcept {[]} {[]}
","Simple summary (disease specific)","A simple summary of the stage such as ""Stage 3"". The determination of the stage is disease-specific.","","","","","","","","","",,"example","Codes describing condition stages (e.g. Cancer stages).","http://hl7.org/fhir/ValueSet/condition-stage|4.0.1","",,,,"Condition.stage.summary",0,1,"con-1
","ele-1:All FHIR elements must have a @value or children {hasValue() or (children().count() > id.count())}
"
"ophthalmic-condition","Condition.stage.assessment","Condition.stage.assessment","","","",0,*,"","","","Reference {[]} {[CanonicalType[http://hl7.org/fhir/StructureDefinition/ClinicalImpression|4.0.1], CanonicalType[http://hl7.org/fhir/StructureDefinition/DiagnosticReport|4.0.1], CanonicalType[http://hl7.org/fhir/StructureDefinition/Observation|4.0.1]]}
","Formal record of assessment","Reference to a formal record of the evidence on which the staging assessment is based.","","","","","","","","","",,,,,"",,,,"Condition.stage.assessment",0,*,"con-1
","ele-1:All FHIR elements must have a @value or children {hasValue() or (children().count() > id.count())}
"
"ophthalmic-condition","Condition.stage.type","Condition.stage.type","","","",0,1,"","","","CodeableConcept {[]} {[]}
","Kind of staging","The kind of staging, such as pathological or clinical staging.","","","","","","","","","",,"example","Codes describing the kind of condition staging (e.g. clinical or pathological).","http://hl7.org/fhir/ValueSet/condition-stage-type|4.0.1","",,,,"Condition.stage.type",0,1,"","ele-1:All FHIR elements must have a @value or children {hasValue() or (children().count() > id.count())}
"
"ophthalmic-condition","Condition.evidence","Condition.evidence","","","",0,*,"","","","BackboneElement {[]} {[]}
","Supporting evidence","Supporting evidence / manifestations that are the basis of the Condition's verification status, such as evidence that confirmed or refuted the condition.","The evidence may be a simple list of coded symptoms/manifestations, or references to observations or formal assessments, or both.","","","","","","","","",,,,,"",,,,"Condition.evidence",0,*,"","con-2:evidence SHALL have code or details {code.exists() or detail.exists()}
ele-1:All FHIR elements must have a @value or children {hasValue() or (children().count() > id.count())}"
"ophthalmic-condition","Condition.evidence.id","Condition.evidence.id","","","",0,1,"","","","string {[]} {[]}
","Unique id for inter-element referencing","Unique id for the element within a resource (for internal references). This may be any string value that does not contain spaces.","","","","","","","","","",,,,,"",,,,"Element.id",0,1,"",""
"ophthalmic-condition","Condition.evidence.extension","Condition.evidence.extension","","extensions
user content","",0,*,"","","","Extension {[]} {[]}
","Additional content defined by implementations","May be used to represent additional information that is not part of the basic definition of the element. To make the use of extensions safe and manageable, there is a strict set of governance  applied to the definition and use of extensions. Though any implementer can define an extension, there is a set of requirements that SHALL be met as part of the definition of the extension.","There can be no stigma associated with the use of extensions by any application, project, or standard - regardless of the institution or jurisdiction that uses or defines the extensions.  The use of extensions is what allows the FHIR specification to retain a core level of simplicity for everyone.","","","","","","","","",,,,,"",,,,"Element.extension",0,*,"","ele-1:All FHIR elements must have a @value or children {hasValue() or (children().count() > id.count())}
ext-1:Must have either extensions or value[x], not both {extension.exists() != value.exists()}"
"ophthalmic-condition","Condition.evidence.modifierExtension","Condition.evidence.modifierExtension","","extensions
user contentmodifiers","",0,*,"","Y","Y","Extension {[]} {[]}
","Extensions that cannot be ignored even if unrecognized","May be used to represent additional information that is not part of the basic definition of the element and that modifies the understanding of the element in which it is contained and/or the understanding of the containing element's descendants. Usually modifier elements provide negation or qualification. To make the use of extensions safe and manageable, there is a strict set of governance applied to the definition and use of extensions. Though any implementer can define an extension, there is a set of requirements that SHALL be met as part of the definition of the extension. Applications processing a resource are required to check for modifier extensions.

Modifier extensions SHALL NOT change the meaning of any elements on Resource or DomainResource (including cannot change the meaning of modifierExtension itself).","There can be no stigma associated with the use of extensions by any application, project, or standard - regardless of the institution or jurisdiction that uses or defines the extensions.  The use of extensions is what allows the FHIR specification to retain a core level of simplicity for everyone.","Modifier extensions allow for extensions that *cannot* be safely ignored to be clearly distinguished from the vast majority of extensions which can be safely ignored.  This promotes interoperability by eliminating the need for implementers to prohibit the presence of extensions. For further information, see the [definition of modifier extensions](http://hl7.org/fhir/R4/extensibility.html#modifierExtension).","","","","","","","",,,,,"",,,,"BackboneElement.modifierExtension",0,*,"","ele-1:All FHIR elements must have a @value or children {hasValue() or (children().count() > id.count())}
ext-1:Must have either extensions or value[x], not both {extension.exists() != value.exists()}"
"ophthalmic-condition","Condition.evidence.code","Condition.evidence.code","","","",0,*,"","","Y","CodeableConcept {[]} {[]}
","Manifestation/symptom","A manifestation or symptom that led to the recording of this condition.","","","","","","","","","",,"example","Codes that describe the manifestation or symptoms of a condition.","http://hl7.org/fhir/ValueSet/manifestation-or-symptom|4.0.1","",,,,"Condition.evidence.code",0,*,"con-2
","ele-1:All FHIR elements must have a @value or children {hasValue() or (children().count() > id.count())}
"
"ophthalmic-condition","Condition.evidence.detail","Condition.evidence.detail","","","",0,*,"","","Y","Reference {[]} {[CanonicalType[http://hl7.org/fhir/StructureDefinition/Resource|4.0.1]]}
","Supporting information found elsewhere","Links to other relevant information, including pathology reports.","","","","","","","","","",,,,,"",,,,"Condition.evidence.detail",0,*,"con-2
","ele-1:All FHIR elements must have a @value or children {hasValue() or (children().count() > id.count())}
"
"ophthalmic-condition","Condition.note","Condition.note","","","",0,*,"","","","Annotation {[]} {[]}
","Additional information about the Condition","Additional information about the Condition. This is a general notes/comments entry  for description of the Condition, its diagnosis and prognosis.","","","","","","","","","",,,,,"",,,,"Condition.note",0,*,"","ele-1:All FHIR elements must have a @value or children {hasValue() or (children().count() > id.count())}
"
"ophthalmic-service-request","ServiceRequest","ServiceRequest","","diagnostic request
referralreferral requesttransfer of care request","",0,*,"","","","null {[]} {[]}
","A request for a service to be performed","A record of a request for service such as diagnostic investigations, treatments, or operations to be performed.","","","","","","","","","",,,,,"",,,,"ServiceRequest",0,*,"","dom-2:If the resource is contained in another resource, it SHALL NOT contain nested Resources {contained.contained.empty()}
dom-3:If the resource is contained in another resource, it SHALL be referred to from elsewhere in the resource or SHALL refer to the containing resource {contained.where((('#'+id in (%resource.descendants().reference | %resource.descendants().as(canonical) | %resource.descendants().as(uri) | %resource.descendants().as(url))) or descendants().where(reference = '#').exists() or descendants().where(as(canonical) = '#').exists() or descendants().where(as(canonical) = '#').exists()).not()).trace('unmatched', id).empty()}dom-4:If a resource is contained in another resource, it SHALL NOT have a meta.versionId or a meta.lastUpdated {contained.meta.versionId.empty() and contained.meta.lastUpdated.empty()}dom-5:If a resource is contained in another resource, it SHALL NOT have a security label {contained.meta.security.empty()}dom-6:A resource should have narrative for robust management {text.`div`.exists()}prr-1:orderDetail SHALL only be present if code is present {orderDetail.empty() or code.exists()}"
"ophthalmic-service-request","ServiceRequest.id","ServiceRequest.id","","","",0,1,"","","Y","id {[]} {[]}
","Logical id of this artifact","The logical id of the resource, as used in the URL for the resource. Once assigned, this value never changes.","The only time that a resource does not have an id is when it is being submitted to the server using a create operation.","","","","","","","","",,,,,"",,,,"Resource.id",0,1,"",""
"ophthalmic-service-request","ServiceRequest.meta","ServiceRequest.meta","","","",0,1,"","","Y","Meta {[]} {[]}
","Metadata about the resource","The metadata about the resource. This is content that is maintained by the infrastructure. Changes to the content might not always be associated with version changes to the resource.","","","","","","","","","",,,,,"",,,,"Resource.meta",0,1,"","ele-1:All FHIR elements must have a @value or children {hasValue() or (children().count() > id.count())}
"
"ophthalmic-service-request","ServiceRequest.implicitRules","ServiceRequest.implicitRules","","","",0,1,"","Y","Y","uri {[]} {[]}
","A set of rules under which this content was created","A reference to a set of rules that were followed when the resource was constructed, and which must be understood when processing the content. Often, this is a reference to an implementation guide that defines the special rules along with other profiles etc.","Asserting this rule set restricts the content to be only understood by a limited set of trading partners. This inherently limits the usefulness of the data in the long term. However, the existing health eco-system is highly fractured, and not yet ready to define, collect, and exchange data in a generally computable sense. Wherever possible, implementers and/or specification writers should avoid using this element. Often, when used, the URL is a reference to an implementation guide that defines these special rules as part of it's narrative along with other profiles, value sets, etc.","","","","","","","","",,,,,"",,,,"Resource.implicitRules",0,1,"","ele-1:All FHIR elements must have a @value or children {hasValue() or (children().count() > id.count())}
"
"ophthalmic-service-request","ServiceRequest.language","ServiceRequest.language","","","",0,1,"","","","code {[]} {[]}
","Language of the resource content","The base language in which the resource is written.","Language is provided to support indexing and accessibility (typically, services such as text to speech use the language tag). The html language tag in the narrative applies  to the narrative. The language tag on the resource may be used to specify the language of other presentations generated from the data in the resource. Not all the content has to be in the base language. The Resource.language should not be assumed to apply to the narrative automatically. If a language is specified, it should it also be specified on the div element in the html (see rules in HTML5 for information about the relationship between xml:lang and the html lang attribute).","","","","","","","","",,"preferred","A human language.","http://hl7.org/fhir/ValueSet/languages|4.0.1","",,,,"Resource.language",0,1,"","ele-1:All FHIR elements must have a @value or children {hasValue() or (children().count() > id.count())}
"
"ophthalmic-service-request","ServiceRequest.text","ServiceRequest.text","","narrative
htmlxhtmldisplay","",0,1,"","","","Narrative {[]} {[]}
","Text summary of the resource, for human interpretation","A human-readable narrative that contains a summary of the resource and can be used to represent the content of the resource to a human. The narrative need not encode all the structured data, but is required to contain sufficient detail to make it ""clinically safe"" for a human to just read the narrative. Resource definitions may define what content should be represented in the narrative to ensure clinical safety.","Contained resources do not have narrative. Resources that are not contained SHOULD have a narrative. In some cases, a resource may only have text with little or no additional discrete data (as long as all minOccurs=1 elements are satisfied).  This may be necessary for data from legacy systems where information is captured as a ""text blob"" or where text is additionally entered raw or narrated and encoded information is added later.","","","","","","","","",,,,,"",,,,"DomainResource.text",0,1,"","ele-1:All FHIR elements must have a @value or children {hasValue() or (children().count() > id.count())}
"
"ophthalmic-service-request","ServiceRequest.contained","ServiceRequest.contained","","inline resources
anonymous resourcescontained resources","",0,*,"","","","Resource {[]} {[]}
","Contained, inline Resources","These resources do not have an independent existence apart from the resource that contains them - they cannot be identified independently, and nor can they have their own independent transaction scope.","This should never be done when the content can be identified properly, as once identification is lost, it is extremely difficult (and context dependent) to restore it again. Contained resources may have profiles and tags In their meta elements, but SHALL NOT have security labels.","","","","","","","","",,,,,"",,,,"DomainResource.contained",0,*,"",""
"ophthalmic-service-request","ServiceRequest.extension","ServiceRequest.extension","","extensions
user content","",0,*,"","","","Extension {[]} {[]}
","Additional content defined by implementations","May be used to represent additional information that is not part of the basic definition of the resource. To make the use of extensions safe and manageable, there is a strict set of governance  applied to the definition and use of extensions. Though any implementer can define an extension, there is a set of requirements that SHALL be met as part of the definition of the extension.","There can be no stigma associated with the use of extensions by any application, project, or standard - regardless of the institution or jurisdiction that uses or defines the extensions.  The use of extensions is what allows the FHIR specification to retain a core level of simplicity for everyone.","","","","","","","","",,,,,"",,,,"DomainResource.extension",0,*,"","ele-1:All FHIR elements must have a @value or children {hasValue() or (children().count() > id.count())}
ext-1:Must have either extensions or value[x], not both {extension.exists() != value.exists()}"
"ophthalmic-service-request","ServiceRequest.modifierExtension","ServiceRequest.modifierExtension","","extensions
user content","",0,*,"","Y","","Extension {[]} {[]}
","Extensions that cannot be ignored","May be used to represent additional information that is not part of the basic definition of the resource and that modifies the understanding of the element that contains it and/or the understanding of the containing element's descendants. Usually modifier elements provide negation or qualification. To make the use of extensions safe and manageable, there is a strict set of governance applied to the definition and use of extensions. Though any implementer is allowed to define an extension, there is a set of requirements that SHALL be met as part of the definition of the extension. Applications processing a resource are required to check for modifier extensions.

Modifier extensions SHALL NOT change the meaning of any elements on Resource or DomainResource (including cannot change the meaning of modifierExtension itself).","There can be no stigma associated with the use of extensions by any application, project, or standard - regardless of the institution or jurisdiction that uses or defines the extensions.  The use of extensions is what allows the FHIR specification to retain a core level of simplicity for everyone.","Modifier extensions allow for extensions that *cannot* be safely ignored to be clearly distinguished from the vast majority of extensions which can be safely ignored.  This promotes interoperability by eliminating the need for implementers to prohibit the presence of extensions. For further information, see the [definition of modifier extensions](http://hl7.org/fhir/R4/extensibility.html#modifierExtension).","","","","","","","",,,,,"",,,,"DomainResource.modifierExtension",0,*,"","ele-1:All FHIR elements must have a @value or children {hasValue() or (children().count() > id.count())}
ext-1:Must have either extensions or value[x], not both {extension.exists() != value.exists()}"
"ophthalmic-service-request","ServiceRequest.identifier","ServiceRequest.identifier","","","",0,*,"Y","","Y","Identifier {[]} {[]}
","Order number associated with this request, if applicable","Identifiers assigned to this order instance by the orderer and/or the receiver and/or order fulfiller.","The identifier.type element is used to distinguish between the identifiers assigned by the orderer (known as the 'Placer' in HL7 v2) and the producer of the observations in response to the order (known as the 'Filler' in HL7 v2).  For further discussion and examples see the resource notes section below.","","","","","","","","",,,,,"",,,,"ServiceRequest.identifier",0,*,"","ele-1:All FHIR elements must have a @value or children {hasValue() or (children().count() > id.count())}
"
"ophthalmic-service-request","ServiceRequest.instantiatesCanonical","ServiceRequest.instantiatesCanonical","","","",0,*,"","","Y","canonical {[]} {[CanonicalType[http://hl7.org/fhir/StructureDefinition/ActivityDefinition|4.0.1], CanonicalType[http://hl7.org/fhir/StructureDefinition/PlanDefinition|4.0.1]]}
","Instantiates FHIR protocol or definition","The URL pointing to a FHIR-defined protocol, guideline, orderset or other definition that is adhered to in whole or in part by this ServiceRequest.","Note: This is a business identifier, not a resource identifier (see [discussion](http://hl7.org/fhir/R4/resource.html#identifiers)).  It is best practice for the identifier to only appear on a single resource instance, however business practices may occasionally dictate that multiple resource instances with the same identifier can exist - possibly even with different resource types.  For example, multiple Patient and a Person resource instance might share the same social insurance number.","","","","","","","","",,,,,"",,,,"ServiceRequest.instantiatesCanonical",0,*,"","ele-1:All FHIR elements must have a @value or children {hasValue() or (children().count() > id.count())}
"
"ophthalmic-service-request","ServiceRequest.instantiatesUri","ServiceRequest.instantiatesUri","","","",0,*,"","","Y","uri {[]} {[]}
","Instantiates external protocol or definition","The URL pointing to an externally maintained protocol, guideline, orderset or other definition that is adhered to in whole or in part by this ServiceRequest.","This might be an HTML page, PDF, etc. or could just be a non-resolvable URI identifier.","","","","","","","","",,,,,"",,,,"ServiceRequest.instantiatesUri",0,*,"","ele-1:All FHIR elements must have a @value or children {hasValue() or (children().count() > id.count())}
"
"ophthalmic-service-request","ServiceRequest.basedOn","ServiceRequest.basedOn","","fulfills
","",0,*,"","","Y","Reference {[]} {[CanonicalType[http://hl7.org/fhir/StructureDefinition/CarePlan|4.0.1], CanonicalType[http://hl7.org/fhir/StructureDefinition/ServiceRequest|4.0.1], CanonicalType[http://hl7.org/fhir/StructureDefinition/MedicationRequest|4.0.1]]}
","What request fulfills","Plan/proposal/order fulfilled by this request.","","","","","","","","","",,,,,"",,,,"ServiceRequest.basedOn",0,*,"","ele-1:All FHIR elements must have a @value or children {hasValue() or (children().count() > id.count())}
"
"ophthalmic-service-request","ServiceRequest.replaces","ServiceRequest.replaces","","supersedes
priorrenewed order","",0,*,"","","Y","Reference {[]} {[CanonicalType[http://hl7.org/fhir/StructureDefinition/ServiceRequest|4.0.1]]}
","What request replaces","The request takes the place of the referenced completed or terminated request(s).","","","","","","","","","",,,,,"",,,,"ServiceRequest.replaces",0,*,"","ele-1:All FHIR elements must have a @value or children {hasValue() or (children().count() > id.count())}
"
"ophthalmic-service-request","ServiceRequest.requisition","ServiceRequest.requisition","","grouperId
groupIdentifier","",0,1,"Y","","Y","Identifier {[]} {[]}
","Shared identifier grouping several requests from the same order","A shared identifier common to all service requests that were authorized more or less simultaneously by a single author, representing the composite or group identifier.","Requests are linked either by a ""basedOn"" relationship (i.e. one request is fulfilling another) or by having a common requisition. Requests that are part of the same requisition are generally treated independently from the perspective of changing their state or maintaining them after initial creation.","Some business processes need to know if multiple items were ordered as part of the same ""requisition"" for billing or other purposes.","","","","","","","",,,,,"",,,,"ServiceRequest.requisition",0,1,"","ele-1:All FHIR elements must have a @value or children {hasValue() or (children().count() > id.count())}
"
"ophthalmic-service-request","ServiceRequest.status","ServiceRequest.status","","","",1,1,"Y","Y","Y","code {[]} {[]}
","draft | active | on-hold | revoked | completed | entered-in-error | unknown","The status of the order.","The status is generally fully in the control of the requester - they determine whether the order is draft or active and, after it has been activated, competed, cancelled or suspended. States relating to the activities of the performer are reflected on either the corresponding event (see [Event Pattern](http://hl7.org/fhir/R4/event.html) for general discussion) or using the [Task](http://hl7.org/fhir/R4/task.html) resource.","","","","","","","","",,"required","The status of a service order.","http://hl7.org/fhir/ValueSet/request-status|4.0.1","",,,,"ServiceRequest.status",1,1,"","ele-1:All FHIR elements must have a @value or children {hasValue() or (children().count() > id.count())}
"
"ophthalmic-service-request","ServiceRequest.intent","ServiceRequest.intent","","","",1,1,"Y","Y","Y","code {[]} {[]}
","proposal | plan | directive | order | original-order | reflex-order | filler-order | instance-order | option","Whether the request is a proposal, plan, an original order or a reflex order.","This element is labeled as a modifier because the intent alters when and how the resource is actually applicable.","","","","","","","","",,"required","The kind of service request.","http://hl7.org/fhir/ValueSet/request-intent|4.0.1","",,,,"ServiceRequest.intent",1,1,"","ele-1:All FHIR elements must have a @value or children {hasValue() or (children().count() > id.count())}
"
"ophthalmic-service-request","ServiceRequest.category","ServiceRequest.category","","","",1,1,"Y","","Y","CodeableConcept {[]} {[]}
","Classification of service","A code that classifies the service for searching, sorting and display purposes (e.g. ""Surgical Procedure"").","There may be multiple axis of categorization depending on the context or use case for retrieving or displaying the resource.  The level of granularity is defined by the category concepts in the value set.","Used for filtering what service request are retrieved and displayed.","","","","<valueCodeableConcept xmlns=""http://hl7.org/fhir"">
  <coding>
    <system value=""http://snomed.info/sct""/>
    <code value=""394594003""/>
    <display value=""Ophthalmology (qualifier value)""/>
  </coding>
</valueCodeableConcept>","","","",,"example","Classification of the requested service.","http://hl7.org/fhir/ValueSet/servicerequest-category|4.0.1","",,,,"ServiceRequest.category",0,*,"","ele-1:All FHIR elements must have a @value or children {hasValue() or (children().count() > id.count())}
"
"ophthalmic-service-request","ServiceRequest.priority","ServiceRequest.priority","","","",0,1,"Y","","Y","code {[]} {[]}
","routine | urgent | asap | stat","Indicates how quickly the ServiceRequest should be addressed with respect to other requests.","","","","If missing, this task should be performed with normal priority","","","","","",,"required","Identifies the level of importance to be assigned to actioning the request.","http://hl7.org/fhir/ValueSet/request-priority|4.0.1","",,,,"ServiceRequest.priority",0,1,"","ele-1:All FHIR elements must have a @value or children {hasValue() or (children().count() > id.count())}
"
"ophthalmic-service-request","ServiceRequest.doNotPerform","ServiceRequest.doNotPerform","","","",0,1,"","Y","Y","boolean {[]} {[]}
","True if service/procedure should not be performed","Set this to true if the record is saying that the service/procedure should NOT be performed.","In general, only the code and timeframe will be present, though occasional additional qualifiers such as body site or even performer could be included to narrow the scope of the prohibition.  If the ServiceRequest.code and ServiceRequest.doNotPerform both contain negation, that will reinforce prohibition and should not have a double negative interpretation.","Used for do not ambulate, do not elevate head of bed, do not flush NG tube, do not take blood pressure on a certain arm, etc.","","If missing, the request is a positive request e.g. ""do perform""","","","","","",,,,,"",,,,"ServiceRequest.doNotPerform",0,1,"","ele-1:All FHIR elements must have a @value or children {hasValue() or (children().count() > id.count())}
"
"ophthalmic-service-request","ServiceRequest.code","ServiceRequest.code","","service requested
","",1,1,"Y","","Y","CodeableConcept {[]} {[]}
","The specific examination being requested","A code that identifies a particular service (i.e., procedure, diagnostic investigation, or panel of investigations) that have been requested.","Many laboratory and radiology procedure codes embed the specimen/organ system in the test order name, for example,  serum or serum/plasma glucose, or a chest x-ray. The specimen might not be recorded separately from the test code.","","","","","","","","",,"example","Codes for tests or services that can be carried out by a designated individual, organization or healthcare service.  For laboratory, LOINC is  (preferred)[http://build.fhir.org/terminologies.html#preferred].","http://hl7.org/fhir/ValueSet/procedure-code|4.0.1","",,,,"ServiceRequest.code",0,1,"","ele-1:All FHIR elements must have a @value or children {hasValue() or (children().count() > id.count())}
"
"ophthalmic-service-request","ServiceRequest.orderDetail","ServiceRequest.orderDetail","","detailed instructions
","",0,*,"Y","","Y","CodeableConcept {[]} {[]}
","Additional order information","Additional details and instructions about the how the services are to be delivered.   For example, and order for a urinary catheter may have an order detail for an external or indwelling catheter, or an order for a bandage may require additional instructions specifying how the bandage should be applied.","For information from the medical record intended to support the delivery of the requested services, use the `supportingInformation` element.","","","","","","","","",,"example","Codified order entry details which are based on order context.","http://hl7.org/fhir/ValueSet/servicerequest-orderdetail|4.0.1","",,,,"ServiceRequest.orderDetail",0,*,"prr-1
","ele-1:All FHIR elements must have a @value or children {hasValue() or (children().count() > id.count())}
"
"ophthalmic-service-request","ServiceRequest.quantity[x]","ServiceRequest.quantity[x]","","","",0,1,"","","Y","Quantity {[]} {[]}
Ratio {[]} {[]}Range {[]} {[]}","Service amount","An amount of service being requested which can be a quantity ( for example $1,500 home modification), a ratio ( for example, 20 half day visits per month), or a range (2.0 to 1.8 Gy per fraction).","","When ordering a service the number of service items may need to be specified separately from the the service item.","","","","","","","",,,,,"",,,,"ServiceRequest.quantity[x]",0,1,"","ele-1:All FHIR elements must have a @value or children {hasValue() or (children().count() > id.count())}
"
"ophthalmic-service-request","ServiceRequest.subject","ServiceRequest.subject","","","",1,1,"Y","","Y","Reference {[]} {[CanonicalType[http://hl7.org/fhir/StructureDefinition/Patient]]}
","Individual or Entity the service is ordered for","On whom or what the service is to be performed. This is usually a human patient, but can also be requested on animals, groups of humans or animals, devices such as dialysis machines, or even locations (typically for environmental scans).","","","","","","","","","",,,,,"",,,,"ServiceRequest.subject",1,1,"","ele-1:All FHIR elements must have a @value or children {hasValue() or (children().count() > id.count())}
"
"ophthalmic-service-request","ServiceRequest.encounter","ServiceRequest.encounter","","context
","",0,1,"Y","","Y","Reference {[]} {[CanonicalType[http://hl7.org/fhir/StructureDefinition/Encounter|4.0.1]]}
","Encounter in which the request was created","An encounter that provides additional information about the healthcare context in which this request is made.","","","","","","","","","",,,,,"",,,,"ServiceRequest.encounter",0,1,"","ele-1:All FHIR elements must have a @value or children {hasValue() or (children().count() > id.count())}
"
"ophthalmic-service-request","ServiceRequest.occurrence[x]","ServiceRequest.occurrence[x]","","schedule
","",0,1,"","","Y","dateTime {[]} {[]}
Period {[]} {[]}Timing {[]} {[]}","When service should occur","The date/time at which the requested service should occur.","","","","","","","","","",,,,,"",,,,"ServiceRequest.occurrence[x]",0,1,"","ele-1:All FHIR elements must have a @value or children {hasValue() or (children().count() > id.count())}
"
"ophthalmic-service-request","ServiceRequest.asNeeded[x]","ServiceRequest.asNeeded[x]","","","",0,1,"","","Y","boolean {[]} {[]}
CodeableConcept {[]} {[]}","Preconditions for service","If a CodeableConcept is present, it indicates the pre-condition for performing the service.  For example ""pain"", ""on flare-up"", etc.","","","","","","","","","",,"example","A coded concept identifying the pre-condition that should hold prior to performing a procedure.  For example ""pain"", ""on flare-up"", etc.","http://hl7.org/fhir/ValueSet/medication-as-needed-reason|4.0.1","",,,,"ServiceRequest.asNeeded[x]",0,1,"","ele-1:All FHIR elements must have a @value or children {hasValue() or (children().count() > id.count())}
"
"ophthalmic-service-request","ServiceRequest.authoredOn","ServiceRequest.authoredOn","","orderedOn
","",0,1,"","","Y","dateTime {[]} {[]}
","Date request signed","When the request transitioned to being actionable.","","","","","","","","","",,,,,"",,,,"ServiceRequest.authoredOn",0,1,"","ele-1:All FHIR elements must have a @value or children {hasValue() or (children().count() > id.count())}
"
"ophthalmic-service-request","ServiceRequest.requester","ServiceRequest.requester","","author
orderer","",1,1,"Y","","Y","Reference {[]} {[CanonicalType[http://hl7.org/fhir/StructureDefinition/Practitioner]]}
","The professional who initiates the request","The individual who initiated the request and has responsibility for its activation.","This not the dispatcher, but rather who is the authorizer.  This element is not intended to handle delegation which would generally be managed through the Provenance resource.","","","","","","","","",,,,,"",,,,"ServiceRequest.requester",0,1,"","ele-1:All FHIR elements must have a @value or children {hasValue() or (children().count() > id.count())}
"
"ophthalmic-service-request","ServiceRequest.performerType","ServiceRequest.performerType","","specialty
","",0,1,"","","Y","CodeableConcept {[]} {[]}
","Performer role","Desired type of performer for doing the requested service.","This is a  role, not  a participation type.  In other words, does not describe the task but describes the capacity.  For example, “compounding pharmacy”, “psychiatrist” or “internal referral”.","","","","","","","","",,"example","Indicates specific responsibility of an individual within the care team, such as ""Primary physician"", ""Team coordinator"", ""Caregiver"", etc.","http://hl7.org/fhir/ValueSet/participant-role|4.0.1","",,,,"ServiceRequest.performerType",0,1,"","ele-1:All FHIR elements must have a @value or children {hasValue() or (children().count() > id.count())}
"
"ophthalmic-service-request","ServiceRequest.performer","ServiceRequest.performer","","request recipient
","",0,*,"Y","","Y","Reference {[]} {[CanonicalType[http://hl7.org/fhir/StructureDefinition/Practitioner]]}
","The professional expected to fulfill the request","The desired performer for doing the requested service.  For example, the surgeon, dermatopathologist, endoscopist, etc.","If multiple performers are present, it is interpreted as a list of *alternative* performers without any preference regardless of order.  If order of preference is needed use the [request-performerOrder extension](http://hl7.org/fhir/R4/extension-request-performerorder.html).  Use CareTeam to represent a group of performers (for example, Practitioner A *and* Practitioner B).","","","","","","","","",,,,,"",,,,"ServiceRequest.performer",0,*,"","ele-1:All FHIR elements must have a @value or children {hasValue() or (children().count() > id.count())}
"
"ophthalmic-service-request","ServiceRequest.locationCode","ServiceRequest.locationCode","","","",0,*,"","","Y","CodeableConcept {[]} {[]}
","Requested location","The preferred location(s) where the procedure should actually happen in coded or free text form. E.g. at home or nursing day care center.","","","","","","","","","",,"example","A location type where services are delivered.","http://terminology.hl7.org/ValueSet/v3-ServiceDeliveryLocationRoleType","",,,,"ServiceRequest.locationCode",0,*,"","ele-1:All FHIR elements must have a @value or children {hasValue() or (children().count() > id.count())}
"
"ophthalmic-service-request","ServiceRequest.locationReference","ServiceRequest.locationReference","","","",0,1,"Y","","Y","Reference {[]} {[CanonicalType[http://hl7.org/fhir/StructureDefinition/Location|4.0.1]]}
","The facility where the order originated","A reference to the the preferred location(s) where the procedure should actually happen. E.g. at home or nursing day care center.","","","","","","","","","",,,,,"",,,,"ServiceRequest.locationReference",0,*,"","ele-1:All FHIR elements must have a @value or children {hasValue() or (children().count() > id.count())}
"
"ophthalmic-service-request","ServiceRequest.reasonCode","ServiceRequest.reasonCode","","","",0,*,"","","Y","CodeableConcept {[]} {[]}
","Explanation/Justification for procedure or service","An explanation or justification for why this service is being requested in coded or textual form.   This is often for billing purposes.  May relate to the resources referred to in `supportingInfo`.","This element represents why the referral is being made and may be used to decide how the service will be performed, or even if it will be performed at all.   Use `CodeableConcept.text` element if the data is free (uncoded) text as shown in the [CT Scan example](http://hl7.org/fhir/R4/servicerequest-example-di.html).","","","","","","","","",,"example","Diagnosis or problem codes justifying the reason for requesting the service investigation.","http://hl7.org/fhir/ValueSet/procedure-reason|4.0.1","",,,,"ServiceRequest.reasonCode",0,*,"","ele-1:All FHIR elements must have a @value or children {hasValue() or (children().count() > id.count())}
"
"ophthalmic-service-request","ServiceRequest.reasonReference","ServiceRequest.reasonReference","","","",0,*,"","","Y","Reference {[]} {[CanonicalType[http://hl7.org/fhir/StructureDefinition/Condition|4.0.1], CanonicalType[http://hl7.org/fhir/StructureDefinition/Observation|4.0.1], CanonicalType[http://hl7.org/fhir/StructureDefinition/DiagnosticReport|4.0.1], CanonicalType[http://hl7.org/fhir/StructureDefinition/DocumentReference|4.0.1]]}
","Explanation/Justification for service or service","Indicates another resource that provides a justification for why this service is being requested.   May relate to the resources referred to in `supportingInfo`.","This element represents why the referral is being made and may be used to decide how the service will be performed, or even if it will be performed at all.    To be as specific as possible,  a reference to  *Observation* or *Condition* should be used if available.  Otherwise when referencing  *DiagnosticReport*  it should contain a finding  in `DiagnosticReport.conclusion` and/or `DiagnosticReport.conclusionCode`.   When using a reference to *DocumentReference*, the target document should contain clear findings language providing the relevant reason for this service request.  Use  the CodeableConcept text element in `ServiceRequest.reasonCode` if the data is free (uncoded) text as shown in the [CT Scan example](http://hl7.org/fhir/R4/servicerequest-example-di.html).","","","","","","","","",,,,,"",,,,"ServiceRequest.reasonReference",0,*,"","ele-1:All FHIR elements must have a @value or children {hasValue() or (children().count() > id.count())}
"
"ophthalmic-service-request","ServiceRequest.insurance","ServiceRequest.insurance","","","",0,*,"Y","","","Reference {[]} {[CanonicalType[http://hl7.org/fhir/StructureDefinition/Coverage|4.0.1], CanonicalType[http://hl7.org/fhir/StructureDefinition/ClaimResponse|4.0.1]]}
","Insurance/coverage relevant to this request, when applicable","Insurance plans, coverage extensions, pre-authorizations and/or pre-determinations that may be needed for delivering the requested service.","","","","","","","","","",,,,,"",,,,"ServiceRequest.insurance",0,*,"","ele-1:All FHIR elements must have a @value or children {hasValue() or (children().count() > id.count())}
"
"ophthalmic-service-request","ServiceRequest.supportingInfo","ServiceRequest.supportingInfo","","Ask at order entry question
AOE","",0,*,"","","","Reference {[]} {[CanonicalType[http://hl7.org/fhir/StructureDefinition/Resource|4.0.1]]}
","Additional clinical information","Additional clinical information about the patient or specimen that may influence the services or their interpretations.     This information includes diagnosis, clinical findings and other observations.  In laboratory ordering these are typically referred to as ""ask at order entry questions (AOEs)"".  This includes observations explicitly requested by the producer (filler) to provide context or supporting information needed to complete the order. For example,  reporting the amount of inspired oxygen for blood gas measurements.","To represent information about how the services are to be delivered use the `instructions` element.","","","","","","","","",,,,,"",,,,"ServiceRequest.supportingInfo",0,*,"","ele-1:All FHIR elements must have a @value or children {hasValue() or (children().count() > id.count())}
"
"ophthalmic-service-request","ServiceRequest.specimen","ServiceRequest.specimen","","","",0,*,"","","Y","Reference {[]} {[CanonicalType[http://hl7.org/fhir/StructureDefinition/Specimen|4.0.1]]}
","Procedure Samples","One or more specimens that the laboratory procedure will use.","Many diagnostic procedures need a specimen, but the request itself is not actually about the specimen. This element is for when the diagnostic is requested on already existing specimens and the request points to the specimen it applies to.    Conversely, if the request is entered first with an unknown specimen, then the [Specimen](http://hl7.org/fhir/R4/specimen.html) resource points to the ServiceRequest.","","","","","","","","",,,,,"",,,,"ServiceRequest.specimen",0,*,"","ele-1:All FHIR elements must have a @value or children {hasValue() or (children().count() > id.count())}
"
"ophthalmic-service-request","ServiceRequest.bodySite","ServiceRequest.bodySite","","location
","",0,*,"","","Y","CodeableConcept {[]} {[]}
","Location on Body","Anatomic location where the procedure should be performed. This is the target site.","Only used if not implicit in the code found in ServiceRequest.code.  If the use case requires BodySite to be handled as a separate resource instead of an inline coded element (e.g. to identify and track separately)  then use the standard extension [procedure-targetBodyStructure](http://hl7.org/fhir/R4/extension-procedure-targetbodystructure.html).","Knowing where the procedure is performed is important for tracking if multiple sites are possible.","","","","","","","",,"example","Codes describing anatomical locations. May include laterality.","http://hl7.org/fhir/ValueSet/body-site|4.0.1","",,,,"ServiceRequest.bodySite",0,*,"","ele-1:All FHIR elements must have a @value or children {hasValue() or (children().count() > id.count())}
"
"ophthalmic-service-request","ServiceRequest.note","ServiceRequest.note","","","",0,*,"Y","","","Annotation {[]} {[]}
","Comments","Any other notes and comments made about the service request. For example, internal billing notes.","","","","","","","","","",,,,,"",,,,"ServiceRequest.note",0,*,"","ele-1:All FHIR elements must have a @value or children {hasValue() or (children().count() > id.count())}
"
"ophthalmic-service-request","ServiceRequest.patientInstruction","ServiceRequest.patientInstruction","","","",0,1,"","","Y","string {[]} {[]}
","Patient or consumer-oriented instructions","Instructions in terms that are understood by the patient or consumer.","","","","","","","","","",,,,,"",,,,"ServiceRequest.patientInstruction",0,1,"","ele-1:All FHIR elements must have a @value or children {hasValue() or (children().count() > id.count())}
"
"ophthalmic-service-request","ServiceRequest.relevantHistory","ServiceRequest.relevantHistory","","","",0,*,"","","","Reference {[]} {[CanonicalType[http://hl7.org/fhir/StructureDefinition/Provenance|4.0.1]]}
","Request provenance","Key events in the history of the request.","This might not include provenances for all versions of the request – only those deemed “relevant” or important.This SHALL NOT include the Provenance associated with this current version of the resource.  (If that provenance is deemed to be a “relevant” change, it will need to be added as part of a later update.  Until then, it can be queried directly as the Provenance that points to this version using _revincludeAll Provenances should have some historical version of this Request as their subject.","","","","","","","","",,,,,"",,,,"ServiceRequest.relevantHistory",0,*,"","ele-1:All FHIR elements must have a @value or children {hasValue() or (children().count() > id.count())}
"
