URL,Version,Status,OIDs,Name,Title,Description,Uses,Used,Sources
http://dicom.nema.org/medical/dicom/current/output/chtml/part16/sect_CID_29.html,2025.3.20250714,active,"1.2.840.10008.6.1.19",AcquisitionModality,,"Transitive closure of CID 29 AcquisitionModality","StructureDefinition/ophthalmic-imaging-study","DICOM"
http://hl7.org/fhir/ValueSet/administration-method-codes,4.0.1,draft,"2.16.840.1.113883.4.642.3.97",SNOMEDCTAdministrationMethodCodes,SNOMED CT Administration Method Codes,"This value set includes some method codes from SNOMED CT - provided as an exemplar","StructureDefinition/ophthalmic-medication-administration","SCT"
http://hl7.org/fhir/ValueSet/approach-site-codes,4.0.1,draft,"2.16.840.1.113883.4.642.3.346",SNOMEDCTAnatomicalStructureForAdministrationSiteCodes,SNOMED CT Anatomical Structure for Administration Site Codes,"This value set includes Anatomical Structure codes from SNOMED CT - provided as an exemplar.","StructureDefinition/ophthalmic-medication-administration","SCT"
http://hl7.org/fhir/ValueSet/body-site,4.0.1,draft,"2.16.840.1.113883.4.642.3.141",SNOMEDCTBodyStructures,SNOMED CT Body Structures,"This value set includes all codes from [SNOMED CT](http://snomed.info/sct) where concept is-a 442083009 (Anatomical or acquired body site (body structure)).","StructureDefinition/red-filter-light-test,StructureDefinition/stereopsis-test,StructureDefinition/near-point-of-convergence,StructureDefinition/intraocular-pressure,StructureDefinition/pachymetry,StructureDefinition/strabismus-exam,StructureDefinition/ophthalmic-condition,StructureDefinition/ophthalmic-visual-acuity,StructureDefinition/ocular-body-structure,StructureDefinition/hirschberg-test,StructureDefinition/tension-curve,StructureDefinition/ophthalmic-procedure,StructureDefinition/ocular-motility,StructureDefinition/ophthalmic-oct-rnfl,StructureDefinition/cover-test,StructureDefinition/ophthalmic-oct-macula,StructureDefinition/ophthalmic-imaging-study,StructureDefinition/prism-cover-test,StructureDefinition/ophthalmic-service-request,StructureDefinition/convergence-assessment,StructureDefinition/worth-4-dot-test,StructureDefinition/krimsky-test,StructureDefinition/gaze-position-measurement,StructureDefinition/corrected-intraocular-pressure","SCT"
http://hl7.org/fhir/ValueSet/bodysite-laterality,4.0.1,draft,"2.16.840.1.113883.4.642.3.287",Laterality,Laterality,"Laterality: SNOMED-CT concepts for 'left', 'right', and 'bilateral'","StructureDefinition/ophthalmic-imaging-study","SCT"
http://hl7.org/fhir/ValueSet/bodystructure-code,4.0.1,draft,"2.16.840.1.113883.4.642.3.142",SNOMEDCTMorphologicAbnormalities,SNOMED CT Morphologic Abnormalities,"This value set includes all codes from [SNOMED CT](http://snomed.info/sct) where concept is-a 442083009 (Anatomical or acquired body site (body structure)).","StructureDefinition/ocular-body-structure","SCT"
http://hl7.org/fhir/ValueSet/bodystructure-relative-location,4.0.1,draft,"2.16.840.1.113883.4.642.3.140",BodystructureLocationQualifier,Bodystructure Location Qualifier,"SNOMED-CT concepts modifying the anatomic location","StructureDefinition/ocular-body-structure","SCT"
http://hl7.org/fhir/ValueSet/care-plan-activity-kind,4.0.1,draft,"2.16.840.1.113883.4.642.3.145",CarePlanActivityKind,Care Plan Activity Kind,"Resource types defined as part of FHIR that can be represented as in-line definitions of a care plan activity.","StructureDefinition/ophthalmic-care-plan","hl7.fhir.r4.core"
http://hl7.org/fhir/ValueSet/care-plan-activity-outcome,4.0.1,draft,"2.16.840.1.113883.4.642.3.149",CarePlanActivityOutcome,Care Plan Activity Outcome,"Example codes indicating the outcome of a care plan activity. Note that these are in no way complete and might not even be appropriate for some uses.","StructureDefinition/ophthalmic-care-plan","SCT"
http://hl7.org/fhir/ValueSet/care-plan-activity-status,4.0.1,draft,"2.16.840.1.113883.4.642.3.146",CarePlanActivityStatus,CarePlanActivityStatus,"Codes that reflect the current state of a care plan activity within its overall life cycle.","StructureDefinition/ophthalmic-care-plan","hl7.fhir.r4.core"
http://hl7.org/fhir/ValueSet/care-plan-intent,4.0.1,draft,"2.16.840.1.113883.4.642.3.150",CarePlanIntent,Care Plan Intent,"Codes indicating the degree of authority/intentionality associated with a care plan.","StructureDefinition/ophthalmic-care-plan","hl7.fhir.r4.core"
http://hl7.org/fhir/ValueSet/clinical-findings,4.0.1,draft,"2.16.840.1.113883.4.642.3.232",SNOMEDCTClinicalFindings,SNOMED CT Clinical Findings,"This value set includes all the ""Clinical finding"" [SNOMED CT](http://snomed.info/sct) codes - concepts where concept is-a 404684003 (Clinical finding (finding)).","StructureDefinition/ophthalmic-diagnostic-report,StructureDefinition/ophthalmic-care-plan","SCT"
http://hl7.org/fhir/ValueSet/condition-category,4.0.1,draft,"2.16.840.1.113883.4.642.3.162",ConditionCategoryCodes,Condition Category Codes,"Preferred value set for Condition Categories.","StructureDefinition/ophthalmic-condition","THO"
http://hl7.org/fhir/ValueSet/condition-clinical,4.0.1,draft,"2.16.840.1.113883.4.642.3.164",ConditionClinicalStatusCodes,Condition Clinical Status Codes,"Preferred value set for Condition Clinical Status.","StructureDefinition/ophthalmic-condition","THO"
http://hl7.org/fhir/ValueSet/condition-code,4.0.1,draft,"2.16.840.1.113883.4.642.3.161",Condition/Problem/DiagnosisCodes,Condition/Problem/Diagnosis Codes,"Example value set for Condition/Problem/Diagnosis codes.","StructureDefinition/ophthalmic-condition,StructureDefinition/ophthalmic-procedure","SCT"
http://hl7.org/fhir/ValueSet/condition-severity,4.0.1,draft,"2.16.840.1.113883.4.642.3.168",Condition/DiagnosisSeverity,Condition/Diagnosis Severity,"Preferred value set for Condition/Diagnosis severity grading.","StructureDefinition/ophthalmic-condition","SCT"
http://hl7.org/fhir/ValueSet/condition-stage,4.0.1,draft,"2.16.840.1.113883.4.642.3.170",ConditionStage,Condition Stage,"Example value set for stages of cancer and other conditions.","StructureDefinition/ophthalmic-condition","SCT"
http://hl7.org/fhir/ValueSet/condition-stage-type,4.0.1,draft,"2.16.840.1.113883.4.642.3.171",ConditionStageType,Condition Stage Type,"Example value set for the type of stages of cancer and other conditions","StructureDefinition/ophthalmic-condition","SCT"
http://hl7.org/fhir/ValueSet/condition-ver-status,4.0.1,draft,"2.16.840.1.113883.4.642.3.166",ConditionVerificationStatus,ConditionVerificationStatus,"The verification status to support or decline the clinical status of the condition or diagnosis.","StructureDefinition/ophthalmic-condition","THO"
http://hl7.org/fhir/ValueSet/data-absent-reason,4.0.1,active,"2.16.840.1.113883.4.642.3.5",DataAbsentReason,DataAbsentReason,"Used to specify why the normally expected content of the data element is missing.","StructureDefinition/red-filter-light-test,StructureDefinition/stereopsis-test,StructureDefinition/near-point-of-convergence,StructureDefinition/intraocular-pressure,StructureDefinition/pachymetry,StructureDefinition/strabismus-exam,StructureDefinition/ophthalmic-visual-acuity,StructureDefinition/hirschberg-test,StructureDefinition/tension-curve,StructureDefinition/ocular-motility,StructureDefinition/ophthalmic-oct-rnfl,StructureDefinition/cover-test,StructureDefinition/ophthalmic-oct-macula,StructureDefinition/prism-cover-test,StructureDefinition/convergence-assessment,StructureDefinition/worth-4-dot-test,StructureDefinition/krimsky-test,StructureDefinition/gaze-position-measurement,StructureDefinition/corrected-intraocular-pressure","THO"
http://hl7.org/fhir/ValueSet/device-action,4.0.1,draft,"2.16.840.1.113883.4.642.3.425",ProcedureDeviceActionCodes,Procedure Device Action Codes,"Example codes indicating the change that happened to the device during the procedure.  Note that these are in no way complete and might not even be appropriate for some uses.","StructureDefinition/ophthalmic-procedure","SCT"
http://hl7.org/fhir/ValueSet/device-kind,4.0.1,draft,"2.16.840.1.113883.4.642.3.208",FHIRDeviceTypes,FHIR Device Types,"Codes used to identify medical devices. Includes concepts from SNOMED CT (http://www.snomed.org/) where concept is-a 49062001 (Device)  and is provided as a suggestive example.","StructureDefinition/ophthalmic-procedure","SCT"
http://hl7.org/fhir/ValueSet/device-nametype,4.0.1,draft,"2.16.840.1.113883.4.642.3.1083",DeviceNameType,DeviceNameType,"The type of name the device is referred by.","StructureDefinition/ophthalmic-device","hl7.fhir.r4.core"
http://hl7.org/fhir/ValueSet/device-status,4.0.1,draft,"2.16.840.1.113883.4.642.3.209",FHIRDeviceStatus,FHIRDeviceStatus,"The availability status of the device.","StructureDefinition/ophthalmic-device","hl7.fhir.r4.core"
http://hl7.org/fhir/ValueSet/device-status-reason,4.0.1,draft,"2.16.840.1.113883.4.642.3.1081",FHIRDeviceStatusReason,FHIRDeviceStatusReason,"The availability status reason of the device.","StructureDefinition/ophthalmic-device","THO"
http://hl7.org/fhir/ValueSet/device-type,4.0.1,draft,"2.16.840.1.113883.4.642.3.1376",DeviceType,Device Type,"Codes used to identify medical devices. Includes concepts from SNOMED CT (http://www.snomed.org/) where concept is-a 49062001 (Device)  and is provided as a suggestive example.","StructureDefinition/ophthalmic-device","SCT"
http://hl7.org/fhir/ValueSet/diagnosis-role,4.0.1,draft,"2.16.840.1.113883.4.642.3.49",DiagnosisRole,DiagnosisRole,"This value set defines a set of codes that can be used to express the role of a diagnosis on the Encounter or EpisodeOfCare record.","StructureDefinition/ophthalmic-encounter","THO"
http://hl7.org/fhir/ValueSet/diagnostic-report-status,4.0.1,draft,"2.16.840.1.113883.4.642.3.235",DiagnosticReportStatus,DiagnosticReportStatus,"The status of the diagnostic report.","StructureDefinition/ophthalmic-diagnostic-report","hl7.fhir.r4.core"
http://hl7.org/fhir/ValueSet/diagnostic-service-sections,4.0.1,draft,"2.16.840.1.113883.4.642.3.234",DiagnosticServiceSectionCodes,Diagnostic Service Section Codes,"This value set includes all the codes in HL7 V2 table 0074.","StructureDefinition/ophthalmic-diagnostic-report","THO (V2)"
http://hl7.org/fhir/ValueSet/encounter-admit-source,4.0.1,draft,"2.16.840.1.113883.4.642.3.257",AdmitSource,Admit source,"This value set defines a set of codes that can be used to indicate from where the patient came in.","StructureDefinition/ophthalmic-encounter","THO"
http://hl7.org/fhir/ValueSet/encounter-diet,4.0.1,draft,"2.16.840.1.113883.4.642.3.255",Diet,Diet,"This value set defines a set of codes that can be used to indicate dietary preferences or restrictions a patient may have.","StructureDefinition/ophthalmic-encounter","THO"
http://hl7.org/fhir/ValueSet/encounter-discharge-disposition,4.0.1,draft,"2.16.840.1.113883.4.642.3.259",DischargeDisposition,Discharge disposition,"This value set defines a set of codes that can be used to where the patient left the hospital.","StructureDefinition/ophthalmic-encounter","THO"
http://hl7.org/fhir/ValueSet/encounter-location-status,4.0.1,draft,"2.16.840.1.113883.4.642.3.262",EncounterLocationStatus,EncounterLocationStatus,"The status of the location.","StructureDefinition/ophthalmic-encounter","hl7.fhir.r4.core"
http://hl7.org/fhir/ValueSet/encounter-participant-type,4.0.1,draft,"2.16.840.1.113883.4.642.3.250",ParticipantType,Participant type,"This value set defines a set of codes that can be used to indicate how an individual participates in an encounter.","StructureDefinition/ophthalmic-encounter","THO (V3),THO"
http://hl7.org/fhir/ValueSet/encounter-reason,4.0.1,draft,"2.16.840.1.113883.4.642.3.261",EncounterReasonCodes,Encounter Reason Codes,"This examples value set defines the set of codes that can be used to indicate reasons for an encounter.","StructureDefinition/ophthalmic-encounter","SCT"
http://hl7.org/fhir/ValueSet/encounter-special-arrangements,4.0.1,draft,"2.16.840.1.113883.4.642.3.253",SpecialArrangements,Special arrangements,"This value set defines a set of codes that can be used to indicate the kinds of special arrangements in place for a patients visit.","StructureDefinition/ophthalmic-encounter","THO"
http://hl7.org/fhir/ValueSet/encounter-special-courtesy,4.0.1,draft,"2.16.840.1.113883.4.642.3.252",SpecialCourtesy,Special courtesy,"This value set defines a set of codes that can be used to indicate special courtesies provided to the patient.","StructureDefinition/ophthalmic-encounter","THO (V3)"
http://hl7.org/fhir/ValueSet/encounter-status,4.0.1,draft,"2.16.840.1.113883.4.642.3.246",EncounterStatus,EncounterStatus,"Current state of the encounter.","StructureDefinition/ophthalmic-encounter","hl7.fhir.r4.core"
http://hl7.org/fhir/ValueSet/encounter-type,4.0.1,draft,"2.16.840.1.113883.4.642.3.248",EncounterType,Encounter type,"This example value set defines a set of codes that can be used to indicate the type of encounter: a specific code indicating type of service provided.","StructureDefinition/ophthalmic-encounter","THO"
http://hl7.org/fhir/ValueSet/event-status,4.0.1,draft,"2.16.840.1.113883.4.642.3.109",EventStatus,EventStatus,"Codes identifying the lifecycle stage of an event.","StructureDefinition/ophthalmic-procedure","hl7.fhir.r4.core"
http://hl7.org/fhir/ValueSet/imagingstudy-status,4.0.1,draft,"2.16.840.1.113883.4.642.3.990",ImagingStudyStatus,ImagingStudyStatus,"The status of the ImagingStudy.","StructureDefinition/ophthalmic-imaging-study","hl7.fhir.r4.core"
http://hl7.org/fhir/ValueSet/languages,4.0.1,draft,"2.16.840.1.113883.4.642.3.20",CommonLanguages,Common Languages,"This value set includes common codes from BCP-47 (http://tools.ietf.org/html/bcp47)","StructureDefinition/stereopsis-test,StructureDefinition/intraocular-pressure,StructureDefinition/ophthalmic-visual-acuity,StructureDefinition/ocular-body-structure,StructureDefinition/tension-curve,StructureDefinition/ophthalmic-device,StructureDefinition/ophthalmic-oct-rnfl,StructureDefinition/cover-test,StructureDefinition/ophthalmic-oct-macula,StructureDefinition/convergence-assessment,StructureDefinition/gaze-position-measurement,StructureDefinition/ophthalmic-diagnostic-report,StructureDefinition/red-filter-light-test,StructureDefinition/near-point-of-convergence,StructureDefinition/pachymetry,StructureDefinition/strabismus-exam,StructureDefinition/ophthalmic-condition,StructureDefinition/hirschberg-test,StructureDefinition/ophthalmic-encounter,StructureDefinition/ophthalmic-procedure,StructureDefinition/ocular-motility,StructureDefinition/ophthalmic-imaging-study,StructureDefinition/prism-cover-test,StructureDefinition/ophthalmic-service-request,StructureDefinition/worth-4-dot-test,StructureDefinition/ophthalmic-medication-administration,StructureDefinition/krimsky-test,StructureDefinition/ophthalmic-care-plan,StructureDefinition/corrected-intraocular-pressure,StructureDefinition/ophthalmic-medication","Other"
http://hl7.org/fhir/ValueSet/location-physical-type,4.0.1,draft,"2.16.840.1.113883.4.642.3.328",LocationType,Location type,"This example value set defines a set of codes that can be used to indicate the physical form of the Location.","StructureDefinition/ophthalmic-encounter","THO"
http://hl7.org/fhir/ValueSet/manifestation-or-symptom,4.0.1,draft,"2.16.840.1.113883.4.642.3.169",ManifestationAndSymptomCodes,Manifestation and Symptom Codes,"Example value set for Manifestation and Symptom codes.","StructureDefinition/ophthalmic-condition","SCT"
http://hl7.org/fhir/ValueSet/med-admin-perform-function,4.0.1,draft,"2.16.840.1.113883.4.642.3.349",MedicationAdministration Performer Function Codes,Medication administration  performer  function  codes,"MedicationAdministration Performer Function Codes","StructureDefinition/ophthalmic-medication-administration","THO"
http://hl7.org/fhir/ValueSet/medication-admin-category,4.0.1,draft,"2.16.840.1.113883.4.642.3.347",MedicationAdministration Category Codes,Medication administration  category  codes,"MedicationAdministration Category Codes","StructureDefinition/ophthalmic-medication-administration","THO"
http://hl7.org/fhir/ValueSet/medication-admin-status,4.0.1,draft,"2.16.840.1.113883.4.642.3.340",MedicationAdministration Status Codes,Medication administration  status  codes,"MedicationAdministration Status Codes","StructureDefinition/ophthalmic-medication-administration","THO"
http://hl7.org/fhir/ValueSet/medication-as-needed-reason,4.0.1,draft,"2.16.840.1.113883.4.642.3.96",SNOMEDCTMedicationAsNeededReasonCodes,SNOMED CT Medication As Needed Reason Codes,"This value set includes all clinical findings from SNOMED CT - provided as an exemplar value set.","StructureDefinition/ophthalmic-service-request","SCT"
http://hl7.org/fhir/ValueSet/medication-codes,4.0.1,draft,"2.16.840.1.113883.4.642.3.375",SNOMEDCTMedicationCodes,SNOMED CT Medication Codes,"This value set includes all drug or medicament substance codes and all pharmaceutical/biologic products from SNOMED CT - provided as an exemplar value set.","StructureDefinition/ophthalmic-care-plan,StructureDefinition/ophthalmic-medication","SCT"
http://hl7.org/fhir/ValueSet/medication-form-codes,4.0.1,draft,"2.16.840.1.113883.4.642.3.374",SNOMEDCTFormCodes,SNOMED CT Form Codes,"This value set includes all dose form codes from SNOMED CT - provided as an exemplar.","StructureDefinition/ophthalmic-medication","SCT"
http://hl7.org/fhir/ValueSet/medication-status,4.0.1,draft,"2.16.840.1.113883.4.642.3.376",Medication Status Codes,Medication  status  codes,"Medication Status Codes","StructureDefinition/ophthalmic-medication","hl7.fhir.r4.core"
http://hl7.org/fhir/ValueSet/observation-category,4.0.1,draft,"2.16.840.1.113883.4.642.3.403",ObservationCategoryCodes,Observation Category Codes,"Observation Category codes.","StructureDefinition/red-filter-light-test,StructureDefinition/stereopsis-test,StructureDefinition/near-point-of-convergence,StructureDefinition/intraocular-pressure,StructureDefinition/pachymetry,StructureDefinition/strabismus-exam,StructureDefinition/ophthalmic-visual-acuity,StructureDefinition/hirschberg-test,StructureDefinition/tension-curve,StructureDefinition/ocular-motility,StructureDefinition/ophthalmic-oct-rnfl,StructureDefinition/cover-test,StructureDefinition/ophthalmic-oct-macula,StructureDefinition/prism-cover-test,StructureDefinition/convergence-assessment,StructureDefinition/worth-4-dot-test,StructureDefinition/krimsky-test,StructureDefinition/gaze-position-measurement,StructureDefinition/corrected-intraocular-pressure","THO"
http://hl7.org/fhir/ValueSet/observation-codes,4.0.1,draft,"2.16.840.1.113883.4.642.3.396",LOINCCodes,LOINC Codes,"This value set includes all LOINC codes","StructureDefinition/red-filter-light-test,StructureDefinition/stereopsis-test,StructureDefinition/near-point-of-convergence,StructureDefinition/intraocular-pressure,StructureDefinition/pachymetry,StructureDefinition/strabismus-exam,StructureDefinition/ophthalmic-visual-acuity,StructureDefinition/hirschberg-test,StructureDefinition/tension-curve,StructureDefinition/ocular-motility,StructureDefinition/ophthalmic-oct-rnfl,StructureDefinition/cover-test,StructureDefinition/ophthalmic-oct-macula,StructureDefinition/prism-cover-test,StructureDefinition/convergence-assessment,StructureDefinition/worth-4-dot-test,StructureDefinition/krimsky-test,StructureDefinition/gaze-position-measurement,StructureDefinition/corrected-intraocular-pressure","LOINC"
http://hl7.org/fhir/ValueSet/observation-interpretation,4.0.1,active,"2.16.840.1.113883.4.642.3.399",ObservationInterpretationCodes,Observation Interpretation Codes,"A categorical assessment, providing a rough qualitative interpretation of the observation value,    such as “normal”/ “abnormal”,”low” / “high”, “better” / “worse”, “susceptible” / “resistant”, “expected”/ “not expected”.    The value set is intended to be for ANY use where coded representation of an interpretation is needed.             Notes:          This is being communicated in v2.x in OBX-8 (Observation Interpretation), in v3 in ObservationInterpretation (CWE) in R1 (Representative Realm) and in FHIR in    Observation.interpretation. Historically these values come from the laboratory domain, and these codes are extensively    used. The value set binding is extensible, so codes outside the value set that are needed for interpretation concepts    (i.e. particular meanings) that are not included in the value set can be used, and these new codes may also be added to    the value set and published in a future version.","StructureDefinition/red-filter-light-test,StructureDefinition/stereopsis-test,StructureDefinition/near-point-of-convergence,StructureDefinition/intraocular-pressure,StructureDefinition/pachymetry,StructureDefinition/strabismus-exam,StructureDefinition/ophthalmic-visual-acuity,StructureDefinition/hirschberg-test,StructureDefinition/tension-curve,StructureDefinition/ocular-motility,StructureDefinition/ophthalmic-oct-rnfl,StructureDefinition/cover-test,StructureDefinition/ophthalmic-oct-macula,StructureDefinition/prism-cover-test,StructureDefinition/convergence-assessment,StructureDefinition/worth-4-dot-test,StructureDefinition/krimsky-test,StructureDefinition/gaze-position-measurement,StructureDefinition/corrected-intraocular-pressure","THO (V3)"
http://hl7.org/fhir/ValueSet/observation-methods,4.0.1,draft,"2.16.840.1.113883.4.642.3.395",ObservationMethods,Observation Methods,"Observation Method codes from [SNOMED CT](http://snomed.info/sct) where concept is-a 272394005 (Technique (qualifier value)) or is-a 129264002 (Action (qualifier value)) or is-a 386053000 (Evaluation procedure(procedure))","StructureDefinition/red-filter-light-test,StructureDefinition/stereopsis-test,StructureDefinition/near-point-of-convergence,StructureDefinition/intraocular-pressure,StructureDefinition/pachymetry,StructureDefinition/strabismus-exam,StructureDefinition/ophthalmic-visual-acuity,StructureDefinition/hirschberg-test,StructureDefinition/tension-curve,StructureDefinition/ocular-motility,StructureDefinition/ophthalmic-oct-rnfl,StructureDefinition/cover-test,StructureDefinition/ophthalmic-oct-macula,StructureDefinition/prism-cover-test,StructureDefinition/convergence-assessment,StructureDefinition/worth-4-dot-test,StructureDefinition/krimsky-test,StructureDefinition/gaze-position-measurement,StructureDefinition/corrected-intraocular-pressure","SCT"
http://hl7.org/fhir/ValueSet/observation-status,4.0.1,active,"2.16.840.1.113883.4.642.3.400",ObservationStatus,ObservationStatus,"Codes providing the status of an observation.","StructureDefinition/red-filter-light-test,StructureDefinition/stereopsis-test,StructureDefinition/near-point-of-convergence,StructureDefinition/intraocular-pressure,StructureDefinition/pachymetry,StructureDefinition/strabismus-exam,StructureDefinition/ophthalmic-visual-acuity,StructureDefinition/hirschberg-test,StructureDefinition/tension-curve,StructureDefinition/ocular-motility,StructureDefinition/ophthalmic-oct-rnfl,StructureDefinition/cover-test,StructureDefinition/ophthalmic-oct-macula,StructureDefinition/prism-cover-test,StructureDefinition/convergence-assessment,StructureDefinition/worth-4-dot-test,StructureDefinition/krimsky-test,StructureDefinition/gaze-position-measurement,StructureDefinition/corrected-intraocular-pressure","hl7.fhir.r4.core"
http://hl7.org/fhir/ValueSet/participant-role,4.0.1,draft,"2.16.840.1.113883.4.642.3.152",ParticipantRoles,Participant Roles,"Roles of participants that may be included in a care team.  Defined as: Is a Person, Healthcare professional (occupation) or Healthcare related organization (qualifier value).","StructureDefinition/ophthalmic-service-request","SCT"
http://hl7.org/fhir/ValueSet/performer-role,4.0.1,draft,"2.16.840.1.113883.4.642.3.433",ProcedurePerformerRoleCodes,Procedure Performer Role Codes,"This example value set defines the set of codes that can be used to indicate a role of a procedure performer.","StructureDefinition/ophthalmic-procedure","SCT"
http://hl7.org/fhir/ValueSet/procedure-category,4.0.1,draft,"2.16.840.1.113883.4.642.3.430",ProcedureCategoryCodes(SNOMEDCT),Procedure Category Codes (SNOMED CT),"Procedure Category code: A selection of relevant SNOMED CT codes.","StructureDefinition/ophthalmic-procedure","SCT"
http://hl7.org/fhir/ValueSet/procedure-code,4.0.1,draft,"2.16.840.1.113883.4.642.3.427",ProcedureCodes(SNOMEDCT),Procedure Codes (SNOMED CT),"Procedure Code: All SNOMED CT procedure codes.","StructureDefinition/ophthalmic-service-request,StructureDefinition/ophthalmic-care-plan,StructureDefinition/ophthalmic-procedure","SCT"
http://hl7.org/fhir/ValueSet/procedure-followup,4.0.1,draft,"2.16.840.1.113883.4.642.3.429",ProcedureFollowUpCodes(SNOMEDCT),Procedure Follow up Codes (SNOMED CT),"Procedure follow up codes: A selection of SNOMED CT codes relevant to procedure follow up.","StructureDefinition/ophthalmic-procedure","SCT"
http://hl7.org/fhir/ValueSet/procedure-not-performed-reason,4.0.1,active,"2.16.840.1.113883.4.642.3.431",ProcedureNotPerformedReason(SNOMED-CT),Procedure Not Performed Reason (SNOMED-CT),"Situation codes describing the reason that a procedure, which might otherwise be expected, was not performed, or a procedure that was started and was not completed. Consists of SNOMED CT codes, children of procedure contraindicated (183932001), procedure discontinued (416406003), procedure not done (416237000), procedure not indicated (428119001), procedure not offered (416064006), procedure not wanted (416432009), procedure refused (183944003), and procedure stopped (394908001).","StructureDefinition/ophthalmic-procedure","SCT"
http://hl7.org/fhir/ValueSet/procedure-outcome,4.0.1,draft,"2.16.840.1.113883.4.642.3.428",ProcedureOutcomeCodes(SNOMEDCT),Procedure Outcome Codes (SNOMED CT),"Procedure Outcome code: A selection of relevant SNOMED CT codes.","StructureDefinition/ophthalmic-procedure","SCT"
http://hl7.org/fhir/ValueSet/procedure-reason,4.0.1,draft,"2.16.840.1.113883.4.642.3.432",ProcedureReasonCodes,Procedure Reason Codes,"This example value set defines the set of codes that can be used to indicate a reason for a procedure.","StructureDefinition/ophthalmic-service-request,StructureDefinition/ophthalmic-imaging-study,StructureDefinition/ophthalmic-procedure","SCT"
http://hl7.org/fhir/ValueSet/reason-medication-given-codes,4.0.1,draft,"2.16.840.1.113883.4.642.3.344",ReasonMedicationGivenCodes,Reason Medication Given Codes,"This value set is provided as an example. The value set to instantiate this attribute should be drawn from a robust terminology code system that consists of or contains concepts to support the medication process.","StructureDefinition/ophthalmic-medication-administration","THO"
http://hl7.org/fhir/ValueSet/reason-medication-not-given-codes,4.0.1,draft,"2.16.840.1.113883.4.642.3.342",SNOMEDCTReasonMedicationNotGivenCodes,SNOMED CT Reason Medication Not Given Codes,"This value set includes all medication refused, medication not administered, and non-administration of necessary drug or medicine codes from SNOMED CT - provided as an exemplar value set.","StructureDefinition/ophthalmic-medication-administration","SCT"
http://hl7.org/fhir/ValueSet/referencerange-appliesto,4.0.1,draft,"2.16.840.1.113883.4.642.3.407",ObservationReferenceRangeAppliesToCodes,Observation Reference Range Applies To Codes,"This value set defines a set of codes that can be used to indicate the particular target population the reference range applies to.","StructureDefinition/red-filter-light-test,StructureDefinition/stereopsis-test,StructureDefinition/near-point-of-convergence,StructureDefinition/intraocular-pressure,StructureDefinition/pachymetry,StructureDefinition/strabismus-exam,StructureDefinition/ophthalmic-visual-acuity,StructureDefinition/hirschberg-test,StructureDefinition/tension-curve,StructureDefinition/ocular-motility,StructureDefinition/ophthalmic-oct-rnfl,StructureDefinition/cover-test,StructureDefinition/ophthalmic-oct-macula,StructureDefinition/prism-cover-test,StructureDefinition/convergence-assessment,StructureDefinition/worth-4-dot-test,StructureDefinition/krimsky-test,StructureDefinition/gaze-position-measurement,StructureDefinition/corrected-intraocular-pressure","SCT"
http://hl7.org/fhir/ValueSet/referencerange-meaning,4.0.1,draft,"2.16.840.1.113883.4.642.3.397",ObservationReferenceRangeMeaningCodes,Observation Reference Range Meaning Codes,"This value set defines a set of codes that can be used to indicate the meaning/use of a reference range for a particular target population.","StructureDefinition/red-filter-light-test,StructureDefinition/stereopsis-test,StructureDefinition/near-point-of-convergence,StructureDefinition/intraocular-pressure,StructureDefinition/pachymetry,StructureDefinition/strabismus-exam,StructureDefinition/ophthalmic-visual-acuity,StructureDefinition/hirschberg-test,StructureDefinition/tension-curve,StructureDefinition/ocular-motility,StructureDefinition/ophthalmic-oct-rnfl,StructureDefinition/cover-test,StructureDefinition/ophthalmic-oct-macula,StructureDefinition/prism-cover-test,StructureDefinition/convergence-assessment,StructureDefinition/worth-4-dot-test,StructureDefinition/krimsky-test,StructureDefinition/gaze-position-measurement,StructureDefinition/corrected-intraocular-pressure","THO"
http://hl7.org/fhir/ValueSet/report-codes,4.0.1,draft,"2.16.840.1.113883.4.642.3.233",LOINCDiagnosticReportCodes,LOINC Diagnostic Report Codes,"This value set includes LOINC codes that relate to Diagnostic Observations.","StructureDefinition/ophthalmic-diagnostic-report","LOINC"
http://hl7.org/fhir/ValueSet/request-intent,4.0.1,draft,"2.16.840.1.113883.4.642.3.113",RequestIntent,RequestIntent,"Codes indicating the degree of authority/intentionality associated with a request.","StructureDefinition/ophthalmic-service-request","hl7.fhir.r4.core"
http://hl7.org/fhir/ValueSet/request-priority,4.0.1,draft,"2.16.840.1.113883.4.642.3.115",RequestPriority,Request priority,"The clinical priority of a diagnostic order.","StructureDefinition/ophthalmic-service-request","hl7.fhir.r4.core"
http://hl7.org/fhir/ValueSet/request-status,4.0.1,draft,"2.16.840.1.113883.4.642.3.111",RequestStatus,RequestStatus,"Codes identifying the lifecycle stage of a request.","StructureDefinition/ophthalmic-service-request,StructureDefinition/ophthalmic-care-plan","hl7.fhir.r4.core"
http://hl7.org/fhir/ValueSet/route-codes,4.0.1,draft,"2.16.840.1.113883.4.642.3.98",SNOMEDCTRouteCodes,SNOMED CT Route Codes,"This value set includes all Route codes from SNOMED CT - provided as an exemplar.","StructureDefinition/ophthalmic-medication-administration","SCT"
http://hl7.org/fhir/ValueSet/series-performer-function,4.0.1,draft,"2.16.840.1.113883.4.642.3.989",ImagingStudySeriesPerformerFunction,ImagingStudy series performer function,"Performer function of an agent in an imaging study series","StructureDefinition/ophthalmic-imaging-study","THO (V3)"
http://hl7.org/fhir/ValueSet/service-type,4.0.1,draft,"2.16.840.1.113883.4.642.3.518",ServiceType,Service type,"This value set defines an example set of codes of service-types.","StructureDefinition/ophthalmic-encounter","THO"
http://hl7.org/fhir/ValueSet/servicerequest-category,4.0.1,draft,"2.16.840.1.113883.4.642.3.434",ServiceRequestCategoryCodes,Service Request Category Codes,"An example value set of SNOMED CT concepts that can classify a requested service","StructureDefinition/ophthalmic-service-request","SCT"
http://hl7.org/fhir/ValueSet/servicerequest-orderdetail,4.0.1,draft,"2.16.840.1.113883.4.642.3.435",ServiceRequestOrderDetailsCodes,Service Request Order Details Codes,"An example value set of Codified order entry details concepts.  These concepts only make sense in the context of what is being ordered.  This example is for a patient ventilation order","StructureDefinition/ophthalmic-service-request","SCT"
http://hl7.org/fhir/ValueSet/udi-entry-type,4.0.1,draft,"2.16.840.1.113883.4.642.3.211",UDIEntryType,UDIEntryType,"Codes to identify how UDI data was entered.","StructureDefinition/ophthalmic-device","hl7.fhir.r4.core"
http://terminology.hl7.org/ValueSet/v2-0092,3.0.0,active,"2.16.840.1.113883.21.40",Hl7VSReAdmissionIndicator,hl7VS-re-admissionIndicator,"Value Set of codes which are used to specify that a patient is being re-admitted to a healthcare facility from which they were discharged, and indicates the circumstances around such re-admission.","StructureDefinition/ophthalmic-encounter","THO (V2)"
http://terminology.hl7.org/ValueSet/v3-ActEncounterCode,3.0.0,active,"2.16.840.1.113883.1.11.13955",ActEncounterCode,ActEncounterCode,"Domain provides codes that qualify the ActEncounterClass (ENC)","StructureDefinition/ophthalmic-encounter","THO (V3)"
http://terminology.hl7.org/ValueSet/v3-ActPriority,3.0.0,active,"2.16.840.1.113883.1.11.16866",ActPriority,ActPriority,"A code or set of codes (e.g., for routine, emergency,) specifying the urgency under which the Act happened, can happen, is happening, is intended to happen, or is requested/demanded to happen.    *Discussion:* This attribute is used in orders to indicate the ordered priority, and in event documentation it indicates the actual priority used to perform the act. In definition mood it indicates the available priorities.","StructureDefinition/ophthalmic-encounter","THO (V3)"
http://terminology.hl7.org/ValueSet/v3-ServiceDeliveryLocationRoleType,3.0.0,active,"2.16.840.1.113883.1.11.17660",ServiceDeliveryLocationRoleType,ServiceDeliveryLocationRoleType,"A role of a place that further classifies the setting (e.g., accident site, road side, work site, community location) in which services are delivered.","StructureDefinition/ophthalmic-service-request","THO (V3)"
https://YasniiSS.github.io/fhir4eyes/ValueSet/low-vision-assessment-vs,0.1.0,draft,,LowVisionAssessmentVS,Low Vision Assessment Value Set,"Qualitative visual acuity for patients whose vision falls below what any chart can measure (ICD-11 blindness categories 4 through 6). All five codes are confirmed SNOMED CT concepts, verified directly against the SNOMED CT browser. See Terminology for the full clinical and terminology rationale. The counting-fingers concept below uses the generic code by default; the more specific distance-based codes may be used instead when that detail is known.","StructureDefinition/ophthalmic-visual-acuity","SCT"
https://YasniiSS.github.io/fhir4eyes/ValueSet/ophthalmic-care-plan-category-vs,0.1.0,draft,,OphthalmicCarePlanCategoryVS,Ophthalmic Care Plan Category Value Set,"The type of ophthalmic treatment scheme. Proposed FHIR4Eyes-only codes, open to revision if a suitable external code is identified later.","StructureDefinition/ophthalmic-care-plan","Internal"
